Year,Stage,team1,team2,score1,score2,time,date,Penalty1,Penalty2
جام حذفی ایران 98-99,جام حذفی ایران 1/16 نهایی  ,پرسپولیس,ماشین‌سازی‌تبریز,1,0,15:00,1398/07/08,0,0
جام حذفی ایران 98-99,جام حذفی ایران 1/16 نهایی  ,صنعت نفت آبادان,قشقایی شیراز,2,1,15:00,1398/07/07,0,0
جام حذفی ایران 98-99,جام حذفی ایران 1/16 نهایی  ,مس نوین کرمان,استقلال ماهشهر,1,2,16:00,1398/07/08,0,0
جام حذفی ایران 98-99,جام حذفی ایران 1/16 نهایی  ,شهرداری ماهشهر,سردار بوکان,2,1,15:00,1398/07/09,0,0
جام حذفی ایران 98-99,جام حذفی ایران 1/16 نهایی  ,سپاهان,خیبر خرم‌آباد,3,0,16:30,1398/07/08,0,0
جام حذفی ایران 98-99,جام حذفی ایران 1/16 نهایی  ,شهدای رزکان کرج,پیکان,0,4,17:15,1398/07/08,0,0
جام حذفی ایران 98-99,جام حذفی ایران 1/16 نهایی  ,فولاد,فجر سپاسی,2,2,15:00,1398/07/08,3,2
جام حذفی ایران 98-99,جام حذفی ایران 1/16 نهایی  ,استقلال,گل ریحان البرز,3,1,18:15,1398/07/08,0,0
جام حذفی ایران 98-99,جام حذفی ایران 1/16 نهایی  ,شهر خودرو,نساجی مازندران,1,0,15:30,1398/07/07,0,0
جام حذفی ایران 98-99,جام حذفی ایران 1/16 نهایی  ,نفت‌ مسجدسلیمان,گل گهرسیرجان,1,0,16:20,1398/07/07,0,0
جام حذفی ایران 98-99,جام حذفی ایران 1/16 نهایی  ,شاهین شهرداری‌بوشهر,خوشه طلایی ساوه,3,3,17:15,1398/07/08,1,3
جام حذفی ایران 98-99,جام حذفی ایران 1/16 نهایی  ,داماش گیلان,سایپا,1,2,17:15,1398/07/07,0,0
جام حذفی ایران 98-99,جام حذفی ایران 1/16 نهایی  ,تراکتور,پاس,2,1,15:30,1398/07/07,0,0
جام حذفی ایران 98-99,جام حذفی ایران 1/16 نهایی  ,نود ارومیه,نیروی زمینی,2,0,15:30,1398/07/07,0,0
جام حذفی ایران 98-99,جام حذفی ایران 1/16 نهایی  ,ذوب آهن,پارس جنوبی جم,2,1,18:30,1398/07/08,0,0
جام حذفی ایران 98-99,جام حذفی ایران 1/16 نهایی  ,بادران تهران,مس کرمان,1,1,15:00,1398/07/06,4,2
جام حذفی ایران 98-99,جام حذفی ایران 1/8 نهایی  ,صنعت نفت آبادان,پرسپولیس,0,1,16:15,1398/09/05,0,0
جام حذفی ایران 98-99,جام حذفی ایران 1/8 نهایی  ,استقلال ماهشهر,شهرداری ماهشهر,1,2,15:30,1398/07/25,0,0
جام حذفی ایران 98-99,جام حذفی ایران 1/8 نهایی  ,پیکان,سپاهان,1,2,16:20,1398/09/05,0,0
جام حذفی ایران 98-99,جام حذفی ایران 1/8 نهایی  ,فجر سپاسی,استقلال,0,3,16:50,1398/07/25,0,0
جام حذفی ایران 98-99,جام حذفی ایران 1/8 نهایی  ,نفت‌ مسجدسلیمان,شهر خودرو,1,0,16:20,1398/07/24,0,0
جام حذفی ایران 98-99,جام حذفی ایران 1/8 نهایی  ,سایپا,شاهین شهرداری‌بوشهر,0,2,18:00,1398/07/24,0,0
جام حذفی ایران 98-99,جام حذفی ایران 1/8 نهایی  ,تراکتور,نود ارومیه,1,1,14:00,1398/09/05,6,7
جام حذفی ایران 98-99,جام حذفی ایران 1/8 نهایی  ,مس کرمان,ذوب آهن,4,2,16:50,1398/07/24,0,0
جام حذفی ایران 98-99,جام حذفی ایران 1/4 نهایی  ,پرسپولیس,شهرداری ماهشهر,2,0,15:00,1398/10/02,0,0
جام حذفی ایران 98-99,جام حذفی ایران 1/4 نهایی  ,سپاهان,استقلال,0,2,20:30,1399/05/20,0,0
جام حذفی ایران 98-99,جام حذفی ایران 1/4 نهایی  ,شاهین شهرداری‌بوشهر,نفت‌ مسجدسلیمان,2,3,16:45,1398/10/02,0,0
جام حذفی ایران 98-99,جام حذفی ایران 1/4 نهایی  ,مس کرمان,تراکتور,1,4,15:00,1398/11/30,0,0
جام حذفی ایران 98-99,جام حذفی ایران نیمه نهایی  ,استقلال,پرسپولیس,2,2,19:00,1399/06/05,1,4
جام حذفی ایران 98-99,جام حذفی ایران نیمه نهایی  ,نفت‌ مسجدسلیمان,تراکتور,0,1,19:30,1399/06/04,0,0
جام حذفی ایران 98-99,جام حذفی ایران فینال  ,تراکتور,استقلال,3,2,18:15,1399/06/13,0,0
جام حذفی ایران 97-98,جام حذفی ایران 1/16 نهایی  ,مقاومت تهران,هوادار,1,0,18:40,1397/06/24,0,0
جام حذفی ایران 97-98,جام حذفی ایران 1/16 نهایی  ,داماش گیلان,چوکا تالش,0,0,16:30,1397/06/24,3,4
جام حذفی ایران 97-98,جام حذفی ایران 1/16 نهایی  ,پارس جنوبی جم,پیکان,0,0,18:40,1397/06/23,5,6
جام حذفی ایران 97-98,جام حذفی ایران 1/16 نهایی  ,ماشین‌سازی‌تبریز,ستاره کاسپین بابل,2,1,17:00,1397/06/23,0,0
جام حذفی ایران 97-98,جام حذفی ایران 1/16 نهایی  ,استقلال,نفت‌ مسجدسلیمان,1,0,20:45,1397/07/10,0,0
جام حذفی ایران 97-98,جام حذفی ایران 1/16 نهایی  ,سردار بوکان,سایپا,1,2,18:40,1397/06/22,0,0
جام حذفی ایران 97-98,جام حذفی ایران 1/16 نهایی  ,تراکتور,صنعت نفت آبادان,3,3,20:00,1397/06/23,4,3
جام حذفی ایران 97-98,جام حذفی ایران 1/16 نهایی  ,شاهین انزلی,استقلال خوزستان,0,2,18:50,1397/06/21,0,0
جام حذفی ایران 97-98,جام حذفی ایران 1/16 نهایی  ,مس کرمان,پدیده ملک شاهی ایلام,5,0,17:00,1397/06/23,0,0
جام حذفی ایران 97-98,جام حذفی ایران 1/16 نهایی  ,خونه به خونه,سیراف کنگان,0,1,17:00,1397/06/23,0,0
جام حذفی ایران 97-98,جام حذفی ایران 1/16 نهایی  ,شهرداری ماهشهر,سپاهان,1,3,17:30,1397/06/23,0,0
جام حذفی ایران 97-98,جام حذفی ایران 1/16 نهایی  ,شاهین لردگان,نساجی مازندران,0,5,18:45,1397/06/26,0,0
جام حذفی ایران 97-98,جام حذفی ایران 1/16 نهایی  ,مس شهر بابک,فولاد,0,7,18:50,1397/06/24,0,0
جام حذفی ایران 97-98,جام حذفی ایران 1/16 نهایی  ,پدیده شهرخودرو,ذوب آهن,2,1,18:30,1397/06/22,0,0
جام حذفی ایران 97-98,جام حذفی ایران 1/16 نهایی  ,نود ارومیه,پرسپولیس,0,1,18:00,1397/07/26,0,0
جام حذفی ایران 97-98,جام حذفی ایران 1/16 نهایی  ,سپیدرود رشت,ملوان,1,0,16:30,1397/06/23,0,0
جام حذفی ایران 97-98,جام حذفی ایران 1/8 نهایی  ,داماش گیلان,مقاومت تهران,2,0,14:45,1397/07/12,0,0
جام حذفی ایران 97-98,جام حذفی ایران 1/8 نهایی  ,ماشین‌سازی‌تبریز,پارس جنوبی جم,2,1,17:15,1397/07/14,0,0
جام حذفی ایران 97-98,جام حذفی ایران 1/8 نهایی  ,سایپا,استقلال,2,2,16:30,1397/08/10,1,3
جام حذفی ایران 97-98,جام حذفی ایران 1/8 نهایی  ,صنعت نفت آبادان,استقلال خوزستان,5,2,18:30,1397/07/12,0,0
جام حذفی ایران 97-98,جام حذفی ایران 1/8 نهایی  ,سیراف کنگان,مس کرمان,2,5,16:45,1397/07/13,0,0
جام حذفی ایران 97-98,جام حذفی ایران 1/8 نهایی  ,نساجی مازندران,سپاهان,1,1,18:15,1397/07/13,4,3
جام حذفی ایران 97-98,جام حذفی ایران 1/8 نهایی  ,فولاد,پدیده شهرخودرو,2,3,16:35,1397/07/13,0,0
جام حذفی ایران 97-98,جام حذفی ایران 1/8 نهایی  ,پرسپولیس,سپیدرود رشت,1,0,15:00,1397/11/11,0,0
جام حذفی ایران 97-98,جام حذفی ایران 1/4 نهایی  ,داماش گیلان,ماشین‌سازی‌تبریز,1,1,14:45,1397/08/09,2,3
جام حذفی ایران 97-98,جام حذفی ایران 1/4 نهایی  ,سایپا,صنعت نفت آبادان,3,1,16:30,1397/09/16,0,0
جام حذفی ایران 97-98,جام حذفی ایران 1/4 نهایی  ,سپاهان,مس کرمان,0,0,16:15,1397/08/11,8,9
جام حذفی ایران 97-98,جام حذفی ایران 1/4 نهایی  ,پدیده شهرخودرو,پرسپولیس,1,1,17:15,1397/11/29,3,1
جام حذفی ایران 97-98,جام حذفی ایران 1/2 نهایی  ,سایپا,داماش گیلان,1,2,16:00,1397/11/09,0,0
جام حذفی ایران 97-98,جام حذفی ایران 1/2 نهایی  ,پرسپولیس,سپاهان,1,0,21:00,1398/03/08,0,0
جام حذفی ایران 97-98,جام حذفی ایران فینال  ,پرسپولیس,داماش گیلان,1,0,23:20,1398/03/12,0,0
جام حذفی ایران 96-97,جام حذفی ایران 1/16 نهایی  ,نفت تهران,پرسپولیس,0,2,16:45,1396/07/29,0,0
جام حذفی ایران 96-97,جام حذفی ایران 1/16 نهایی  ,پیکان,بادران تهران,1,3,16:45,1396/06/18,0,0
جام حذفی ایران 96-97,جام حذفی ایران 1/16 نهایی  ,سیراف کنگان,داماش گیلان,0,1,17:45,1396/06/16,0,0
جام حذفی ایران 96-97,جام حذفی ایران 1/16 نهایی  ,صنعت نفت آبادان,سپاهان,1,0,18:45,1396/06/16,0,0
جام حذفی ایران 96-97,جام حذفی ایران 1/16 نهایی  ,گل ابریشم,نیروی زمینی,4,0,17:00,1396/06/17,0,0
جام حذفی ایران 96-97,جام حذفی ایران 1/16 نهایی  ,ایران جوان بوشهر,فولاد,1,0,20:00,1396/06/18,0,0
جام حذفی ایران 96-97,جام حذفی ایران 1/16 نهایی  ,نساجی مازندران,پارس جنوبی جم,0,0,20:00,1396/06/17,3,4
جام حذفی ایران 96-97,جام حذفی ایران 1/16 نهایی  ,استقلال,گل گهرسیرجان,2,1,17:45,1396/06/17,0,0
جام حذفی ایران 96-97,جام حذفی ایران 1/16 نهایی  ,فجر سپاسی,ذوب آهن,1,1,18:45,1396/06/17,2,4
جام حذفی ایران 96-97,جام حذفی ایران 1/16 نهایی  ,تراکتور,پدیده شهرخودرو,2,1,18:15,1396/06/16,0,0
جام حذفی ایران 96-97,جام حذفی ایران 1/16 نهایی  ,میعاد مغان اردبیل,استقلال خوزستان,0,5,20:00,1396/06/16,0,0
جام حذفی ایران 96-97,جام حذفی ایران 1/16 نهایی  ,ملوان,سپیدرود رشت,3,1,18:00,1396/06/18,0,0
جام حذفی ایران 96-97,جام حذفی ایران 1/16 نهایی  ,سایپا,گل ریحان البرز,1,2,18:45,1396/06/17,0,0
جام حذفی ایران 96-97,جام حذفی ایران 1/16 نهایی  ,گسترش فولاد,نفت‌ مسجدسلیمان,1,0,17:22,1396/07/12,0,0
جام حذفی ایران 96-97,جام حذفی ایران 1/16 نهایی  ,برق جدید شیراز,سیاه جامگان,1,3,18:10,1396/06/18,0,0
جام حذفی ایران 96-97,جام حذفی ایران 1/16 نهایی  ,خونه به خونه,راه‌آهن,2,1,16:45,1396/06/18,0,0
جام حذفی ایران 96-97,جام حذفی ایران یک هشتم نهایی  ,پرسپولیس,بادران تهران,2,1,16:15,1396/09/24,0,0
جام حذفی ایران 96-97,جام حذفی ایران یک هشتم نهایی  ,داماش گیلان,صنعت نفت آبادان,1,2,18:45,1396/08/04,0,0
جام حذفی ایران 96-97,جام حذفی ایران یک هشتم نهایی  ,گل ابریشم,ایران جوان بوشهر,1,2,15:00,1396/08/04,0,0
جام حذفی ایران 96-97,جام حذفی ایران یک هشتم نهایی  ,نساجی مازندران,استقلال,1,2,16:45,1396/07/28,0,0
جام حذفی ایران 96-97,جام حذفی ایران یک هشتم نهایی  ,فجر سپاسی,تراکتور,2,5,17:00,1396/08/04,0,0
جام حذفی ایران 96-97,جام حذفی ایران یک هشتم نهایی  ,استقلال خوزستان,ملوان,2,0,14:00,1396/08/05,0,0
جام حذفی ایران 96-97,جام حذفی ایران یک هشتم نهایی  ,گل ریحان البرز,گسترش فولاد,0,0,14:30,1396/08/05,5,4
جام حذفی ایران 96-97,جام حذفی ایران یک هشتم نهایی  ,سیاه جامگان,خونه به خونه,0,0,14:00,1396/08/05,3,2
جام حذفی ایران 96-97,جام حذفی ایران یک چهارم نهایی  ,صنعت نفت آبادان,پرسپولیس,1,1,14:30,1396/09/28,4,5
جام حذفی ایران 96-97,جام حذفی ایران یک چهارم نهایی  ,ایران جوان بوشهر,استقلال,0,3,14:30,1396/09/29,0,0
جام حذفی ایران 96-97,جام حذفی ایران یک چهارم نهایی  ,تراکتور,استقلال خوزستان,0,0,14:30,1396/09/28,4,3
جام حذفی ایران 96-97,جام حذفی ایران یک چهارم نهایی  ,گسترش فولاد,خونه به خونه,0,2,13:45,1396/09/27,0,0
جام حذفی ایران 96-97,جام حذفی ایران نیمه نهایی  ,استقلال,صنعت نفت آبادان,2,1,14:45,1396/11/10,0,0
جام حذفی ایران 96-97,جام حذفی ایران نیمه نهایی  ,خونه به خونه,استقلال خوزستان,3,1,15:00,1396/12/18,0,0
جام حذفی ایران 96-97,جام حذفی ایران فینال  ,خونه به خونه,استقلال,0,1,19:15,1397/02/13,0,0
جام حذفی ایران 95-96,جام حذفی ایران 1/16 نهایی  ,بادران تهران,سایپا,1,2,15:00,1395/08/10,0,0
جام حذفی ایران 95-96,جام حذفی ایران 1/16 نهایی  ,پدیده شهرخودرو,نفت‌ مسجدسلیمان,0,1,15:00,1395/08/14,0,0
جام حذفی ایران 95-96,جام حذفی ایران 1/16 نهایی  ,پارس جنوبی جم,سپاهان,0,1,13:30,1395/08/14,0,0
جام حذفی ایران 95-96,جام حذفی ایران 1/16 نهایی  ,آلومینیوم اراک,پیکان,1,0,15:32,1395/08/12,0,0
جام حذفی ایران 95-96,جام حذفی ایران 1/16 نهایی  ,شهرداری فومن,شهرداری تبریز,1,0,14:00,1395/08/05,0,0
جام حذفی ایران 95-96,جام حذفی ایران 1/16 نهایی  ,نفت تهران,نساجی مازندران,1,0,13:00,1395/08/13,0,0
جام حذفی ایران 95-96,جام حذفی ایران 1/16 نهایی  ,شهدای گروس بیجار,صبای قم,0,4,14:00,1395/08/13,0,0
جام حذفی ایران 95-96,جام حذفی ایران 1/16 نهایی  ,مس کرمان,استقلال,0,1,16:35,1395/08/10,0,0
جام حذفی ایران 95-96,جام حذفی ایران 1/16 نهایی  ,ذوب آهن,گل ریحان البرز,1,0,15:30,1395/08/13,0,0
جام حذفی ایران 95-96,جام حذفی ایران 1/16 نهایی  ,خونه به خونه,ماشین‌سازی‌تبریز,1,2,14:00,1395/08/10,0,0
جام حذفی ایران 95-96,جام حذفی ایران 1/16 نهایی  ,مس رفسنجان,گسترش فولاد,0,3,14:00,1395/08/14,0,0
جام حذفی ایران 95-96,جام حذفی ایران 1/16 نهایی  ,شهرداری ماهشهر,نفت امیدیه,2,1,14:30,1395/08/10,0,0
جام حذفی ایران 95-96,جام حذفی ایران 1/16 نهایی  ,فولاد,فولاد یزد,2,1,14:00,1395/08/13,0,0
جام حذفی ایران 95-96,جام حذفی ایران 1/16 نهایی  ,راه‌آهن,نفت‌وگاز گچساران,0,3,14:00,1395/08/14,0,0
جام حذفی ایران 95-96,جام حذفی ایران 1/16 نهایی  ,برق جدید شیراز,قشقایی شیراز,1,0,14:00,1395/08/10,0,0
جام حذفی ایران 95-96,جام حذفی ایران 1/16 نهایی  ,تراکتور,ملوان,1,0,14:00,1395/08/10,0,0
جام حذفی ایران 95-96,جام حذفی ایران یک هشتم نهایی  ,سایپا,نفت‌ مسجدسلیمان,2,1,14:30,1395/08/28,0,0
جام حذفی ایران 95-96,جام حذفی ایران یک هشتم نهایی  ,سپاهان,آلومینیوم اراک,2,1,13:30,1395/08/28,0,0
جام حذفی ایران 95-96,جام حذفی ایران یک هشتم نهایی  ,شهرداری فومن,نفت تهران,0,4,14:15,1395/08/27,0,0
جام حذفی ایران 95-96,جام حذفی ایران یک هشتم نهایی  ,صبای قم,استقلال,0,0,16:20,1395/08/28,5,3
جام حذفی ایران 95-96,جام حذفی ایران یک هشتم نهایی  ,ماشین‌سازی‌تبریز,ذوب آهن,2,3,16:30,1395/08/28,0,0
جام حذفی ایران 95-96,جام حذفی ایران یک هشتم نهایی  ,گسترش فولاد,شهرداری ماهشهر,3,0,14:30,1395/08/28,0,0
جام حذفی ایران 95-96,جام حذفی ایران یک هشتم نهایی  ,نفت‌وگاز گچساران,فولاد,0,0,15:35,1395/08/27,2,3
جام حذفی ایران 95-96,جام حذفی ایران یک هشتم نهایی  ,برق جدید شیراز,تراکتور,0,2,13:30,1395/08/28,0,0
جام حذفی ایران 95-96,جام حذفی ایران یک چهارم نهایی  ,سایپا,سپاهان,0,2,13:30,1395/09/30,0,0
جام حذفی ایران 95-96,جام حذفی ایران یک چهارم نهایی  ,استقلال,نفت تهران,2,3,16:20,1395/09/30,0,0
جام حذفی ایران 95-96,جام حذفی ایران یک چهارم نهایی  ,ذوب آهن,گسترش فولاد,2,0,13:30,1395/10/01,0,0
جام حذفی ایران 95-96,جام حذفی ایران یک چهارم نهایی  ,تراکتور,نفت‌وگاز گچساران,3,1,14:00,1395/09/30,0,0
جام حذفی ایران 95-96,جام حذفی ایران نیمه نهایی  ,نفت تهران,سپاهان,1,0,13:45,1395/10/10,0,0
جام حذفی ایران 95-96,جام حذفی ایران نیمه نهایی  ,تراکتور,ذوب آهن,3,2,14:30,1395/10/11,0,0
جام حذفی ایران 95-96,جام حذفی ایران فینال  ,نفت تهران,تراکتور,1,0,20:30,1396/02/21,0,0
جام حذفی ایران 94-95,جام حذفی ایران یک شانزدهم نهایی  ,سفیر قزوین,سپاهان,0,4,16:30,1394/06/20,0,0
جام حذفی ایران 94-95,جام حذفی ایران یک شانزدهم نهایی  ,کارای شیراز,استقلال اهواز,2,2,18:45,1394/06/22,5,6
جام حذفی ایران 94-95,جام حذفی ایران یک شانزدهم نهایی  ,منطقه آزاد کیش,راه‌آهن,1,5,16:30,1394/06/20,0,0
جام حذفی ایران 94-95,جام حذفی ایران یک شانزدهم نهایی  ,بادران تهران,ذوب آهن,1,2,18:45,1394/06/20,0,0
جام حذفی ایران 94-95,جام حذفی ایران یک شانزدهم نهایی  ,شهدای رزکان کرج,گسترش فولاد,0,2,16:30,1394/06/19,0,0
جام حذفی ایران 94-95,جام حذفی ایران یک شانزدهم نهایی  ,عقاب نیرو هوایی,ملوان,1,3,17:45,1394/06/18,0,0
جام حذفی ایران 94-95,جام حذفی ایران یک شانزدهم نهایی  ,پیکان,پرسپولیس,0,1,18:40,1394/06/21,0,0
جام حذفی ایران 94-95,جام حذفی ایران یک شانزدهم نهایی  ,دیانای باقرشهر,نفت تهران,1,5,16:00,1394/07/17,0,0
جام حذفی ایران 94-95,جام حذفی ایران یک شانزدهم نهایی  ,شهرداری کاشان,پدیده شهرخودرو,1,4,16:30,1394/06/18,0,0
جام حذفی ایران 94-95,جام حذفی ایران یک شانزدهم نهایی  ,شهرداری سمنان,استقلال,0,5,18:40,1394/06/20,0,0
جام حذفی ایران 94-95,جام حذفی ایران یک شانزدهم نهایی  ,ایثار جیرفت,فولاد,0,6,18:45,1394/06/20,0,0
جام حذفی ایران 94-95,جام حذفی ایران یک شانزدهم نهایی  ,نیروی زمینی,صبای قم,1,2,18:45,1394/06/19,0,0
جام حذفی ایران 94-95,جام حذفی ایران یک شانزدهم نهایی  ,بازرگانی وشتانی آمل,سایپا,0,4,17:30,1394/06/21,0,0
جام حذفی ایران 94-95,جام حذفی ایران یک هشتم نهایی  ,سپاهان,کارای شیراز,3,1,16:30,1394/06/28,0,0
جام حذفی ایران 94-95,جام حذفی ایران یک هشتم نهایی  ,استقلال خوزستان,راه‌آهن,0,1,17:00,1394/06/28,0,0
جام حذفی ایران 94-95,جام حذفی ایران یک هشتم نهایی  ,ذوب آهن,گسترش فولاد,1,0,16:00,1394/06/30,0,0
جام حذفی ایران 94-95,جام حذفی ایران یک هشتم نهایی  ,ملوان,پرسپولیس,0,1,18:45,1394/06/29,0,0
جام حذفی ایران 94-95,جام حذفی ایران یک هشتم نهایی  ,نفت تهران,پدیده شهرخودرو,1,1,14:30,1394/08/13,2,4
جام حذفی ایران 94-95,جام حذفی ایران یک هشتم نهایی  ,فولاد,استقلال,1,3,18:00,1394/08/13,0,0
جام حذفی ایران 94-95,جام حذفی ایران یک هشتم نهایی  ,تراکتور,صبای قم,1,0,18:30,1394/06/29,0,0
جام حذفی ایران 94-95,جام حذفی ایران یک هشتم نهایی  ,سایپا,سیاه جامگان م,0,0,16:00,1394/06/29,1,3
جام حذفی ایران 94-95,جام حذفی ایران یک چهارم نهایی  ,راه‌آهن,سپاهان,0,2,15:00,1394/08/14,0,0
جام حذفی ایران 94-95,جام حذفی ایران یک چهارم نهایی  ,پرسپولیس,ذوب آهن,0,2,14:30,1394/08/13,0,0
جام حذفی ایران 94-95,جام حذفی ایران یک چهارم نهایی  ,استقلال,نفت تهران,1,1,15:20,1394/09/04,4,5
جام حذفی ایران 94-95,جام حذفی ایران یک چهارم نهایی  ,تراکتور,سایپا,2,1,15:00,1394/08/13,0,0
جام حذفی ایران 94-95,جام حذفی ایران نیمه نهایی  ,سپاهان,ذوب آهن,2,2,14:30,1394/09/03,4,1
جام حذفی ایران 94-95,جام حذفی ایران نیمه نهایی  ,استقلال,تراکتور,2,1,14:30,1394/10/01,0,0
جام حذفی ایران 94-95,جام حذفی ایران فینال  ,ذوب آهن,استقلال,1,1,21:00,1395/03/09,4,5
جام حذفی ایران 93-94,جام حذفی ایران يک شانزدهم نهايي  ,استقلال,فولاد نوين,1,0,19:00,1393/07/26,0,0
جام حذفی ایران 93-94,جام حذفی ایران يک شانزدهم نهايي  ,فولاد,پارسه تهران,0,1,14:00,1393/07/25,0,0
جام حذفی ایران 93-94,جام حذفی ایران يک شانزدهم نهايي  ,استقلال خوزستان,فجر سپاسی,3,1,14:30,1393/07/24,0,0
جام حذفی ایران 93-94,جام حذفی ایران يک شانزدهم نهايي  ,پیام چغادک بوشهر,ذوب آهن,0,3,16:50,1393/07/24,0,0
جام حذفی ایران 93-94,جام حذفی ایران يک شانزدهم نهايي  ,سپاهان,گل گهرسیرجان,0,1,14:00,1393/07/26,0,0
جام حذفی ایران 93-94,جام حذفی ایران يک شانزدهم نهايي  ,نیروی زمینی,نفت‌ مسجدسلیمان,0,2,17:00,1393/07/24,0,0
جام حذفی ایران 93-94,جام حذفی ایران يک شانزدهم نهايي  ,کارگر بنه گز بوشهر,پرسپولیس,0,3,16:50,1393/07/24,0,0
جام حذفی ایران 93-94,جام حذفی ایران يک شانزدهم نهايي  ,پاس,راه‌آهن,1,2,14:30,1393/07/24,0,0
جام حذفی ایران 93-94,جام حذفی ایران يک شانزدهم نهايي  ,نفت تهران,استقلال اهواز,1,0,17:00,1393/07/26,0,0
جام حذفی ایران 93-94,جام حذفی ایران يک شانزدهم نهايي  ,صبای قم,شهرداری اردبیل,0,1,14:00,1393/07/24,0,0
جام حذفی ایران 93-94,جام حذفی ایران يک شانزدهم نهايي  ,ملوان,صنعت ساری,0,0,14:30,1393/07/25,3,2
جام حذفی ایران 93-94,جام حذفی ایران يک شانزدهم نهايي  ,بهمن شیراز,پیکان,1,2,14:30,1393/07/25,0,0
جام حذفی ایران 93-94,جام حذفی ایران يک شانزدهم نهايي  ,خونه به خونه,پدیده شهرخودرو,1,2,14:00,1393/07/25,0,0
جام حذفی ایران 93-94,جام حذفی ایران يک شانزدهم نهايي  ,شهدای ارتش اصفهان,گسترش فولاد,0,3,14:00,1393/07/24,0,0
جام حذفی ایران 93-94,جام حذفی ایران يک شانزدهم نهايي  ,کارون اهواز,تراکتور,0,4,14:30,1393/07/25,0,0
جام حذفی ایران 93-94,جام حذفی ایران يک شانزدهم نهايي  ,سایپا,کیان بختیاری شهرکرد,6,0,14:00,1393/07/24,0,0
جام حذفی ایران 93-94,جام حذفی ایران يک هشتم نهايي  ,پارسه تهران,استقلال,2,4,16:40,1393/08/05,0,0
جام حذفی ایران 93-94,جام حذفی ایران يک هشتم نهايي  ,ذوب آهن,استقلال خوزستان,3,2,15:00,1393/08/04,0,0
جام حذفی ایران 93-94,جام حذفی ایران يک هشتم نهايي  ,گل گهرسیرجان,نفت‌ مسجدسلیمان,0,0,16:00,1393/08/04,2,4
جام حذفی ایران 93-94,جام حذفی ایران يک هشتم نهايي  ,راه‌آهن,پرسپولیس,1,1,16:40,1393/08/04,4,1
جام حذفی ایران 93-94,جام حذفی ایران يک هشتم نهايي  ,شهرداری اردبیل,نفت تهران,0,1,15:00,1393/08/05,0,0
جام حذفی ایران 93-94,جام حذفی ایران يک هشتم نهايي  ,پیکان,صنعت ساری,0,2,14:30,1393/08/04,0,0
جام حذفی ایران 93-94,جام حذفی ایران يک هشتم نهايي  ,پدیده شهرخودرو,گسترش فولاد,2,1,14:00,1393/08/04,0,0
جام حذفی ایران 93-94,جام حذفی ایران يک هشتم نهايي  ,تراکتور,سایپا,0,0,14:30,1393/08/04,1,3
جام حذفی ایران 93-94,جام حذفی ایران يک چهارم نهايي  ,استقلال,ذوب آهن,2,2,17:20,1393/09/06,3,0
جام حذفی ایران 93-94,جام حذفی ایران يک چهارم نهايي  ,پرسپولیس,گل گهرسیرجان,1,1,13:30,1393/09/06,2,3
جام حذفی ایران 93-94,جام حذفی ایران يک چهارم نهايي  ,صنعت ساری,نفت تهران,1,1,14:30,1393/09/06,5,3
جام حذفی ایران 93-94,جام حذفی ایران يک چهارم نهايي  ,پدیده شهرخودرو,تراکتور,2,1,14:00,1393/09/06,0,0
جام حذفی ایران 93-94,جام حذفی ایران نيمه نهايي  ,ذوب آهن,پرسپولیس,2,1,15:15,1393/09/14,0,0
جام حذفی ایران 93-94,جام حذفی ایران نيمه نهايي  ,نفت تهران,پدیده شهرخودرو,1,1,14:00,1393/09/15,7,8
جام حذفی ایران 93-94,جام حذفی ایران فينال  ,ذوب آهن,نفت تهران,3,1,18:30,1394/03/11,0,0
جام حذفی ایران 92-93,جام حذفی ایران يک شانزدهم  ,کاسپین قزوین,استقلال,0,1,16:20,1392/09/19,0,0
جام حذفی ایران 92-93,جام حذفی ایران يک شانزدهم  ,مس رفسنجان,ملوان,0,1,15:00,1392/08/07,0,0
جام حذفی ایران 92-93,جام حذفی ایران يک شانزدهم  ,پارسه تهران,نفت تهران,1,3,15:00,1392/08/07,0,0
جام حذفی ایران 92-93,جام حذفی ایران يک شانزدهم  ,ذوب آهن,پیام صنعت آمل,2,1,15:00,1392/08/07,0,0
جام حذفی ایران 92-93,جام حذفی ایران يک شانزدهم  ,نفت امیدیه,صبای قم,1,0,15:00,1392/08/07,0,0
جام حذفی ایران 92-93,جام حذفی ایران يک شانزدهم  ,مس کرمان,شهرداری دزفول,3,1,15:00,1392/08/17,0,0
جام حذفی ایران 92-93,جام حذفی ایران يک شانزدهم  ,میناب طیور هرمزگان,گسترش فولاد,0,3,15:00,1392/08/07,0,0
جام حذفی ایران 92-93,جام حذفی ایران يک شانزدهم  ,سپاهان,صنعت نفت آبادان,0,1,16:00,1392/08/07,0,0
جام حذفی ایران 92-93,جام حذفی ایران يک شانزدهم  ,نفت‌ مسجدسلیمان,سایپا,4,3,15:00,1392/08/01,0,0
جام حذفی ایران 92-93,جام حذفی ایران يک شانزدهم  ,تراکتور,ماشین‌سازی‌تبریز,3,0,15:00,1392/08/12,0,0
جام حذفی ایران 92-93,جام حذفی ایران يک شانزدهم  ,تربیت نوین یزد,داماش گیلان,0,3,15:00,1392/08/07,0,0
جام حذفی ایران 92-93,جام حذفی ایران يک شانزدهم  ,تالار وحدت همدان,راه‌آهن,2,7,15:00,1392/08/01,0,0
جام حذفی ایران 92-93,جام حذفی ایران يک شانزدهم  ,فولاد یزد,فولاد,0,3,16:00,1392/08/07,0,0
جام حذفی ایران 92-93,جام حذفی ایران يک شانزدهم  ,فجر سپاسی,فولاد نوين,0,3,15:00,1392/08/01,0,0
جام حذفی ایران 92-93,جام حذفی ایران يک شانزدهم  ,پدیده شهرخودرو,پرسپولیس,1,5,16:45,1392/08/01,0,0
جام حذفی ایران 92-93,جام حذفی ایران يک شانزدهم  ,استقلال خوزستان,الوند همدان,6,7,15:00,1392/08/01,0,0
جام حذفی ایران 92-93,جام حذفی ایران يک هشتم نهايي  ,ملوان,استقلال,0,2,14:25,1392/10/08,0,0
جام حذفی ایران 92-93,جام حذفی ایران يک هشتم نهايي  ,نفت تهران,ذوب آهن,0,1,15:00,1392/08/17,0,0
جام حذفی ایران 92-93,جام حذفی ایران يک هشتم نهايي  ,نفت امیدیه,مس کرمان,1,2,14:15,1392/10/08,0,0
جام حذفی ایران 92-93,جام حذفی ایران يک هشتم نهايي  ,گسترش فولاد,صنعت نفت آبادان,3,5,15:00,1392/09/03,0,0
جام حذفی ایران 92-93,جام حذفی ایران يک هشتم نهايي  ,تراکتور,نفت‌ مسجدسلیمان,2,0,14:25,1392/10/08,0,0
جام حذفی ایران 92-93,جام حذفی ایران يک هشتم نهايي  ,راه‌آهن,داماش گیلان,1,0,15:00,1392/08/17,0,0
جام حذفی ایران 92-93,جام حذفی ایران يک هشتم نهايي  ,فولاد نوين,فولاد,0,3,17:45,1392/08/17,0,0
جام حذفی ایران 92-93,جام حذفی ایران يک هشتم نهايي  ,الوند همدان,پرسپولیس,0,2,16:40,1392/08/10,0,0
جام حذفی ایران 92-93,جام حذفی ایران يک چهارم نهايي  ,استقلال,ذوب آهن,1,0,16:45,1392/11/01,0,0
جام حذفی ایران 92-93,جام حذفی ایران يک چهارم نهايي  ,صنعت نفت آبادان,مس کرمان,1,3,14:00,1392/10/26,0,0
جام حذفی ایران 92-93,جام حذفی ایران يک چهارم نهايي  ,تراکتور,راه‌آهن,2,0,14:00,1392/11/01,0,0
جام حذفی ایران 92-93,جام حذفی ایران يک چهارم نهايي  ,پرسپولیس,فولاد,1,4,16:45,1392/11/06,0,0
جام حذفی ایران 92-93,جام حذفی ایران نيمه نهايي  ,مس کرمان,استقلال,2,1,17:00,1392/11/15,0,0
جام حذفی ایران 92-93,جام حذفی ایران نيمه نهايي  ,فولاد,تراکتور,0,1,14:30,1392/11/15,0,0
جام حذفی ایران 92-93,جام حذفی ایران فينال  ,تراکتور,مس کرمان,1,0,16:10,1392/11/25,0,0
جام حذفی ایران 91-92,جام حذفی ایران يك شانزدهم  ,آلومینیوم هرمزگان,تراکتور,0,3,14:15,1391/09/24,0,0
جام حذفی ایران 91-92,جام حذفی ایران يك شانزدهم  ,داماش گیلان,پارسه ایرانیان,3,1,14:15,1391/09/24,0,0
جام حذفی ایران 91-92,جام حذفی ایران يك شانزدهم  ,مس سرچشمه رفسنجان,پرسپولیس شمال,0,1,14:00,1391/09/24,0,0
جام حذفی ایران 91-92,جام حذفی ایران يك شانزدهم  ,تربیت نوین یزد,فجر سپاسی,0,3,14:15,1391/09/24,0,0
جام حذفی ایران 91-92,جام حذفی ایران يك شانزدهم  ,حفاری اهواز,ذوب آهن,0,1,14:15,1391/09/24,0,0
جام حذفی ایران 91-92,جام حذفی ایران يك شانزدهم  ,مس کرمان,شهرداری یاسوج,1,4,13:30,1391/09/24,0,0
جام حذفی ایران 91-92,جام حذفی ایران يك شانزدهم  ,نفت تهران,شهرداری تبریز,3,0,14:15,1391/09/29,0,0
جام حذفی ایران 91-92,جام حذفی ایران يك شانزدهم  ,ملوان,پرسپولیس,0,6,16:15,1391/09/29,0,0
جام حذفی ایران 91-92,جام حذفی ایران يك شانزدهم  ,فولاد,سپاهان,1,2,16:15,1391/09/23,0,0
جام حذفی ایران 91-92,جام حذفی ایران يك شانزدهم  ,برق شیراز,مس رفسنجان,0,3,14:15,1391/09/24,0,0
جام حذفی ایران 91-92,جام حذفی ایران يك شانزدهم  ,شاهین بوشهر,راه‌آهن,0,3,14:15,1391/09/24,0,0
جام حذفی ایران 91-92,جام حذفی ایران يك شانزدهم  ,صنعت نفت آبادان,نیروی زمینی,3,1,13:30,1391/09/24,0,0
جام حذفی ایران 91-92,جام حذفی ایران يك شانزدهم  ,پیکان,ابومسلم,0,2,14:15,1391/09/24,0,0
جام حذفی ایران 91-92,جام حذفی ایران يك شانزدهم  ,نفت‌ مسجدسلیمان,صبای قم,0,3,14:15,1391/09/24,0,0
جام حذفی ایران 91-92,جام حذفی ایران يك شانزدهم  ,سایپا,استقلال,0,4,16:15,1391/09/24,0,0
جام حذفی ایران 91-92,جام حذفی ایران يك شانزدهم  ,گهر دورود,استقلال اهواز,3,2,14:15,1391/09/24,0,0
جام حذفی ایران 91-92,جام حذفی ایران يک هشتم  ,تراکتور,داماش گیلان,5,6,14:00,1391/09/30,0,0
جام حذفی ایران 91-92,جام حذفی ایران يک هشتم  ,پرسپولیس شمال,فجر سپاسی,3,4,14:00,1391/09/30,0,0
جام حذفی ایران 91-92,جام حذفی ایران يک هشتم  ,ذوب آهن,شهرداری یاسوج,1,0,13:30,1391/09/30,0,0
جام حذفی ایران 91-92,جام حذفی ایران يک هشتم  ,نفت تهران,پرسپولیس,1,4,16:30,1391/10/19,0,0
جام حذفی ایران 91-92,جام حذفی ایران يک هشتم  ,سپاهان,مس رفسنجان,1,0,13:30,1391/09/30,0,0
جام حذفی ایران 91-92,جام حذفی ایران يک هشتم  ,راه‌آهن,صنعت نفت آبادان,2,3,14:00,1391/09/30,0,0
جام حذفی ایران 91-92,جام حذفی ایران يک هشتم  ,استقلال,گهر دورود,1,0,13:30,1391/10/02,0,0
جام حذفی ایران 91-92,جام حذفی ایران يک چهارم  ,داماش گیلان,فجر سپاسی,4,3,14:00,1391/10/20,0,0
جام حذفی ایران 91-92,جام حذفی ایران يک چهارم  ,پرسپولیس,ذوب آهن,1,0,15:30,1391/12/15,0,0
جام حذفی ایران 91-92,جام حذفی ایران يک چهارم  ,صنعت نفت آبادان,سپاهان,0,2,14:30,1391/10/20,0,0
جام حذفی ایران 91-92,جام حذفی ایران يک چهارم  ,ابومسلم,استقلال,0,5,16:30,1391/10/20,0,0
جام حذفی ایران 91-92,جام حذفی ایران نيمه نهايي  ,پرسپولیس,داماش گیلان,6,4,17:00,1392/01/17,0,0
جام حذفی ایران 91-92,جام حذفی ایران نيمه نهايي  ,سپاهان,استقلال,6,5,17:00,1392/01/10,0,0
جام حذفی ایران 91-92,جام حذفی ایران فینال  ,سپاهان,پرسپولیس,6,4,18:00,1392/02/15,0,0
جام حذفی ایران 90-91,جام حذفی ایران يک شانزدهم  ,مس رفسنجان,پرسپولیس,1,2,18:00,1390/08/03,0,0
جام حذفی ایران 90-91,جام حذفی ایران يک شانزدهم  ,گسترش فولاد,ذوب آهن,1,2,15:00,1390/08/04,0,0
جام حذفی ایران 90-91,جام حذفی ایران يک شانزدهم  ,راه‌آهن,مهر کرج,1,3,15:00,1390/08/04,0,0
جام حذفی ایران 90-91,جام حذفی ایران يک شانزدهم  ,شیرین‌فراز‌,استقلال,1,5,18:00,1390/08/04,0,0
جام حذفی ایران 90-91,جام حذفی ایران يک شانزدهم  ,سپاهان,فولاد,0,1,16:00,1390/08/03,0,0
جام حذفی ایران 90-91,جام حذفی ایران يک شانزدهم  ,گهر دورود,صنعت نفت آبادان,1,3,16:55,1390/08/04,0,0
جام حذفی ایران 90-91,جام حذفی ایران يک شانزدهم  ,سیاه جامگان م,سایپا,1,0,15:00,1390/08/03,0,0
جام حذفی ایران 90-91,جام حذفی ایران يک شانزدهم  ,تراکتور,شهرداری یاسوج,3,4,14:25,1390/08/03,0,0
جام حذفی ایران 90-91,جام حذفی ایران يک شانزدهم  ,اتکا گرگان,فجر سپاسی,0,1,15:00,1390/08/03,0,0
جام حذفی ایران 90-91,جام حذفی ایران يک شانزدهم  ,پیام مخابرات,صبای قم,1,2,15:00,1390/08/04,0,0
جام حذفی ایران 90-91,جام حذفی ایران يک شانزدهم  ,مس سرچشمه رفسنجان,شهرداری اراک,1,0,15:00,1390/08/04,0,0
جام حذفی ایران 90-91,جام حذفی ایران يک شانزدهم  ,نفت تهران,داماش گیلان,5,6,15:00,1390/08/03,0,0
جام حذفی ایران 90-91,جام حذفی ایران يک شانزدهم  ,ماشین‌سازی‌تبریز,شهرداری تبریز,2,1,15:00,1390/08/04,0,0
جام حذفی ایران 90-91,جام حذفی ایران يک شانزدهم  ,ملوان,ابومسلم,2,3,15:00,1390/08/03,0,0
جام حذفی ایران 90-91,جام حذفی ایران يک شانزدهم  ,نیروی زمینی,شاهین بوشهر,1,3,15:00,1390/08/03,0,0
جام حذفی ایران 90-91,جام حذفی ایران يک هشتم  ,پرسپولیس,ذوب آهن,3,2,14:30,1390/09/06,0,0
جام حذفی ایران 90-91,جام حذفی ایران يک هشتم  ,مهر کرج,استقلال,0,1,16:15,1390/09/07,0,0
جام حذفی ایران 90-91,جام حذفی ایران يک هشتم  ,فولاد,صنعت نفت آبادان,2,0,14:30,1390/09/07,0,0
جام حذفی ایران 90-91,جام حذفی ایران يک هشتم  ,شهرداری یاسوج,سیاه جامگان م,2,1,14:00,1390/09/06,0,0
جام حذفی ایران 90-91,جام حذفی ایران يک هشتم  ,فجر سپاسی,مس کرمان,0,3,14:00,1390/09/07,0,0
جام حذفی ایران 90-91,جام حذفی ایران يک هشتم  ,مس سرچشمه رفسنجان,صبای قم,4,5,14:00,1390/09/06,0,0
جام حذفی ایران 90-91,جام حذفی ایران يک هشتم  ,داماش گیلان,ماشین‌سازی‌تبریز,2,1,14:30,1390/09/06,0,0
جام حذفی ایران 90-91,جام حذفی ایران يک هشتم  ,شاهین بوشهر,ابومسلم,1,0,14:00,1390/09/07,0,0
جام حذفی ایران 90-91,جام حذفی ایران يک چهارم  ,استقلال,پرسپولیس,3,0,16:15,1390/09/18,0,0
جام حذفی ایران 90-91,جام حذفی ایران يک چهارم  ,فولاد,شهرداری یاسوج,3,5,14:30,1390/09/24,0,0
جام حذفی ایران 90-91,جام حذفی ایران يک چهارم  ,مس کرمان,صبای قم,6,4,14:30,1390/09/28,0,0
جام حذفی ایران 90-91,جام حذفی ایران يک چهارم  ,شاهین بوشهر,داماش گیلان,2,1,14:30,1390/09/24,0,0
جام حذفی ایران 90-91,جام حذفی ایران نيمه نهايي  ,شهرداری یاسوج,استقلال,0,1,16:30,1390/10/09,0,0
جام حذفی ایران 90-91,جام حذفی ایران نيمه نهايي  ,مس کرمان,شاهین بوشهر,0,2,14:30,1390/10/09,0,0
جام حذفی ایران 90-91,جام حذفی ایران فينال (هفته 0                                                 ) ,شاهین بوشهر,استقلال,1,4,15:00,1390/12/25,0,0
جام حذفی ایران 89-90,جام حذفی ایران یک شانزدهم نهایی  ,نفت محمودآباد,پرسپولیس,1,5,14:00,1389/07/28,0,0
جام حذفی ایران 89-90,جام حذفی ایران یک شانزدهم نهایی  ,سایپا,داماش گیلان,1,3,14:00,1389/07/27,0,0
جام حذفی ایران 89-90,جام حذفی ایران یک شانزدهم نهایی  ,صنعت نفت آبادان,راه‌آهن,0,3,14:00,1389/07/27,0,0
جام حذفی ایران 89-90,جام حذفی ایران یک شانزدهم نهایی  ,سپاهان,ماشین‌سازی‌تبریز,3,1,14:00,1389/07/27,0,0
جام حذفی ایران 89-90,جام حذفی ایران یک شانزدهم نهایی  ,سپیدرود رشت,فولاد,1,2,14:00,1389/07/27,0,0
جام حذفی ایران 89-90,جام حذفی ایران یک شانزدهم نهایی  ,صبای قم,شهرداری‌بندرعباس,1,2,14:00,1389/07/27,0,0
جام حذفی ایران 89-90,جام حذفی ایران یک شانزدهم نهایی  ,نفت اهواز,مس کرمان,1,0,14:00,1389/07/27,0,0
جام حذفی ایران 89-90,جام حذفی ایران یک شانزدهم نهایی  ,استیل آذین,عمران کیش,3,2,14:00,1389/07/28,0,0
جام حذفی ایران 89-90,جام حذفی ایران یک شانزدهم نهایی  ,فجر سپاسی,تراکتور,0,3,14:00,1389/07/27,0,0
جام حذفی ایران 89-90,جام حذفی ایران یک شانزدهم نهایی  ,بهینه راهبر آباده,شهرداری تبریز,0,6,14:00,1389/07/28,0,0
جام حذفی ایران 89-90,جام حذفی ایران یک شانزدهم نهایی  ,نفت تهران,فولاد نطنز,2,3,14:00,1389/07/27,0,0
جام حذفی ایران 89-90,جام حذفی ایران یک شانزدهم نهایی  ,ملوان,ایران جوان بوشهر,3,2,14:00,1389/07/27,0,0
جام حذفی ایران 89-90,جام حذفی ایران یک شانزدهم نهایی  ,شهرداری یاسوج,ذوب آهن,1,0,14:00,1389/09/04,0,0
جام حذفی ایران 89-90,جام حذفی ایران یک شانزدهم نهایی  ,صنعتی کاوه,پیکان,0,0,14:00,1389/07/27,2,4
جام حذفی ایران 89-90,جام حذفی ایران یک شانزدهم نهایی  ,پیام مشهد,شاهین بوشهر,0,3,14:00,1389/07/27,0,0
جام حذفی ایران 89-90,جام حذفی ایران یک شانزدهم نهایی  ,استقلال,پاس,4,1,14:00,1389/07/27,0,0
جام حذفی ایران 89-90,جام حذفی ایران یک هشتم نهایی  ,پرسپولیس,داماش گیلان,2,1,14:00,1389/08/30,0,0
جام حذفی ایران 89-90,جام حذفی ایران یک هشتم نهایی  ,راه‌آهن,سپاهان,0,4,14:00,1389/09/22,0,0
جام حذفی ایران 89-90,جام حذفی ایران یک هشتم نهایی  ,شهرداری‌بندرعباس,فولاد,0,3,14:00,1389/08/28,0,0
جام حذفی ایران 89-90,جام حذفی ایران یک هشتم نهایی  ,نفت اهواز,استیل آذین,1,2,14:00,1389/08/29,0,0
جام حذفی ایران 89-90,جام حذفی ایران یک هشتم نهایی  ,تراکتور,شهرداری تبریز,5,2,14:00,1389/08/30,0,0
جام حذفی ایران 89-90,جام حذفی ایران یک هشتم نهایی  ,فولاد نطنز,ملوان,0,3,14:00,1389/08/28,0,0
جام حذفی ایران 89-90,جام حذفی ایران یک هشتم نهایی  ,صنعتی کاوه,شهرداری یاسوج,0,1,14:00,1389/08/28,0,0
جام حذفی ایران 89-90,جام حذفی ایران یک هشتم نهایی  ,شاهین بوشهر,استقلال,0,1,14:00,1389/08/29,0,0
جام حذفی ایران 89-90,جام حذفی ایران یک چهارم نهایی  ,سپاهان,پرسپولیس,0,0,14:00,1390/03/08,4,2
جام حذفی ایران 89-90,جام حذفی ایران یک چهارم نهایی  ,فولاد,استیل آذین,2,0,14:00,1389/09/22,0,0
جام حذفی ایران 89-90,جام حذفی ایران یک چهارم نهایی  ,ملوان,تراکتور,0,0,14:00,1389/09/22,4,5
جام حذفی ایران 89-90,جام حذفی ایران یک چهارم نهایی  ,شهرداری یاسوج,استقلال,0,2,14:00,1389/11/11,0,0
جام حذفی ایران 89-90,جام حذفی ایران نیمه نهایی  ,پرسپولیس,فولاد,1,0,14:00,1390/03/12,0,0
جام حذفی ایران 89-90,جام حذفی ایران نیمه نهایی  ,استقلال,ملوان,1,2,14:00,1390/03/12,0,0
جام حذفی ایران 89-90,جام حذفی ایران فینال  ,ملوان,پرسپولیس,2,4,14:00,1390/03/17,0,0
جام حذفی ایران 89-90,جام حذفی ایران فینال  ,پرسپولیس,ملوان,0,1,14:00,1390/03/20,0,0
جام حذفی ایران 88-89,جام حذفی ایران یک شانزدهم  ,صنعت نفت آبادان,ذوب آهن,0,2,14:00,1388/12/08,0,0
جام حذفی ایران 88-89,جام حذفی ایران یک شانزدهم  ,مس سرچشمه رفسنجان,شاهین بوشهر,1,3,14:00,1388/11/19,0,0
جام حذفی ایران 88-89,جام حذفی ایران یک شانزدهم  ,سپاهان نوین اصفهان,استیل آذین,0,2,14:00,1388/11/19,0,0
جام حذفی ایران 88-89,جام حذفی ایران یک شانزدهم  ,ذرت کاران پارس آباد,استقلال,0,13,14:00,1388/11/19,0,0
جام حذفی ایران 88-89,جام حذفی ایران یک شانزدهم  ,پاس,مس رفسنجان,0,2,14:00,1388/11/20,0,0
جام حذفی ایران 88-89,جام حذفی ایران یک شانزدهم  ,اتکا گرگان,ابومسلم,0,3,14:00,1388/11/19,0,0
جام حذفی ایران 88-89,جام حذفی ایران یک شانزدهم  ,مقاومت شیراز,داماش گیلان,0,1,14:00,1388/12/06,0,0
جام حذفی ایران 88-89,جام حذفی ایران یک شانزدهم  ,تراکتور,گسترش فولاد,2,3,14:00,1388/11/20,0,0
جام حذفی ایران 88-89,جام حذفی ایران یک شانزدهم  ,صنعتی کاوه,سپاهان,0,3,14:00,1388/12/01,0,0
جام حذفی ایران 88-89,جام حذفی ایران یک شانزدهم  ,صبای قم,فولاد نوين,1,0,14:00,1388/11/19,0,0
جام حذفی ایران 88-89,جام حذفی ایران یک شانزدهم  ,سپیدرود رشت,ملوان,1,2,14:00,1388/11/19,0,0
جام حذفی ایران 88-89,جام حذفی ایران یک شانزدهم  ,مس کرمان,نساجی مازندران,1,0,14:00,1388/11/19,0,0
جام حذفی ایران 88-89,جام حذفی ایران یک شانزدهم  ,پتروشیمی تبریز,پیکان,1,1,14:00,1388/11/19,2,4
جام حذفی ایران 88-89,جام حذفی ایران یک شانزدهم  ,استقلال اهواز,برق شیراز,0,2,14:00,1388/11/20,0,0
جام حذفی ایران 88-89,جام حذفی ایران یک شانزدهم  ,فولاد اهواز,آلومینیوم هرمزگان,0,0,14:00,1388/11/20,5,4
جام حذفی ایران 88-89,جام حذفی ایران یک شانزدهم  ,پرسپولیس,ایران جوان بوشهر,2,1,14:00,1388/11/20,0,0
جام حذفی ایران 88-89,جام حذفی ایران یک هشتم نهایی  ,ذوب آهن,شاهین بوشهر,3,1,14:00,1388/12/28,0,0
جام حذفی ایران 88-89,جام حذفی ایران یک هشتم نهایی  ,استقلال,استیل آذین,4,5,14:00,1388/12/09,0,0
جام حذفی ایران 88-89,جام حذفی ایران یک هشتم نهایی  ,مس رفسنجان,ابومسلم,2,2,14:00,1388/12/07,7,8
جام حذفی ایران 88-89,جام حذفی ایران یک هشتم نهایی  ,داماش گیلان,گسترش فولاد,0,1,14:00,1388/12/28,0,0
جام حذفی ایران 88-89,جام حذفی ایران یک هشتم نهایی  ,سپاهان,صبای قم,0,1,14:00,1388/12/27,0,0
جام حذفی ایران 88-89,جام حذفی ایران یک هشتم نهایی  ,ملوان,مس کرمان,0,4,14:00,1388/12/08,0,0
جام حذفی ایران 88-89,جام حذفی ایران یک هشتم نهایی  ,برق شیراز,پتروشیمی تبریز,0,2,14:00,1388/12/07,0,0
جام حذفی ایران 88-89,جام حذفی ایران یک چهارم نهایی  ,استیل آذین,ذوب آهن,0,0,14:00,1389/01/19,4,3
جام حذفی ایران 88-89,جام حذفی ایران یک چهارم نهایی  ,گسترش فولاد,مس رفسنجان,4,2,14:00,1389/01/20,0,0
جام حذفی ایران 88-89,جام حذفی ایران یک چهارم نهایی  ,مس کرمان,صبای قم,0,1,14:00,1389/01/19,0,0
جام حذفی ایران 88-89,جام حذفی ایران یک چهارم نهایی  ,پرسپولیس,پتروشیمی تبریز,2,1,14:00,1388/12/27,0,0
جام حذفی ایران 88-89,جام حذفی ایران نیمه نهایی  ,ذوب آهن,گسترش فولاد,0,2,14:00,1389/02/03,0,0
جام حذفی ایران 88-89,جام حذفی ایران نیمه نهایی  ,صبای قم,پرسپولیس,0,0,14:00,1389/02/03,4,3
جام حذفی ایران 88-89,جام حذفی ایران فینال  ,پرسپولیس,گسترش فولاد,1,0,14:00,1389/02/22,0,0
جام حذفی ایران 88-89,جام حذفی ایران فینال  ,گسترش فولاد,پرسپولیس,1,3,14:00,1389/03/03,0,0
جام حذفی ایران 87-88,جام حذفی ایران یک شانزدهم  ,صبای قم,شهرداری تبریز,1,0,14:00,1387/10/22,0,0
جام حذفی ایران 87-88,جام حذفی ایران یک شانزدهم  ,سایپا,شموشک نوشهر,1,2,14:00,1387/12/18,0,0
جام حذفی ایران 87-88,جام حذفی ایران یک شانزدهم  ,سپاهان نوین اصفهان,ملوان,1,2,14:00,1387/10/22,0,0
جام حذفی ایران 87-88,جام حذفی ایران یک شانزدهم  ,استقلال,مس رفسنجان,2,2,14:00,1388/02/10,5,4
جام حذفی ایران 87-88,جام حذفی ایران یک شانزدهم  ,فولاد,شهرداری‌بندرعباس,1,1,14:00,1387/10/10,3,4
جام حذفی ایران 87-88,جام حذفی ایران یک شانزدهم  ,نفت تهران,استقلال اهواز,0,1,14:00,1387/10/10,0,0
جام حذفی ایران 87-88,جام حذفی ایران یک شانزدهم  ,آرمین تهران,ابومسلم,2,3,14:00,1387/10/01,0,0
جام حذفی ایران 87-88,جام حذفی ایران یک شانزدهم  ,شیرین‌فراز‌,ذوب آهن,1,4,14:00,1387/10/01,0,0
جام حذفی ایران 87-88,جام حذفی ایران یک شانزدهم  ,مقاومت مازندران,سپاهان,1,7,14:00,1387/10/04,0,0
جام حذفی ایران 87-88,جام حذفی ایران یک شانزدهم  ,پرسپولیس,صنایع طلایی سمنان,3,1,14:00,1387/10/10,0,0
جام حذفی ایران 87-88,جام حذفی ایران یک شانزدهم  ,پاس,شهرداری یاسوج,3,0,14:00,1387/10/22,0,0
جام حذفی ایران 87-88,جام حذفی ایران یک شانزدهم  ,پیام شهدای کلار آباد,پیام مشهد,0,3,14:00,1387/10/22,0,0
جام حذفی ایران 87-88,جام حذفی ایران یک شانزدهم  ,برق شیراز,نساجی مازندران,3,0,14:00,1387/12/18,0,0
جام حذفی ایران 87-88,جام حذفی ایران یک شانزدهم  ,راه‌آهن,پتروشیمی تبریز,3,1,14:00,1387/10/10,0,0
جام حذفی ایران 87-88,جام حذفی ایران یک شانزدهم  ,تراکتور,پیکان,1,0,14:00,1387/10/10,0,0
جام حذفی ایران 87-88,جام حذفی ایران یک شانزدهم  ,استیل آذین,فجر سپاسی,1,0,14:00,1387/10/05,0,0
جام حذفی ایران 87-88,جام حذفی ایران یک هشتم نهایی  ,شموشک نوشهر,صبای قم,1,6,14:00,1388/02/10,0,0
جام حذفی ایران 87-88,جام حذفی ایران یک هشتم نهایی  ,ملوان,مس رفسنجان,0,1,14:00,1388/02/15,0,0
جام حذفی ایران 87-88,جام حذفی ایران یک هشتم نهایی  ,استقلال اهواز,فولاد اهواز,0,1,14:00,1387/12/18,0,0
جام حذفی ایران 87-88,جام حذفی ایران یک هشتم نهایی  ,ذوب آهن,ابومسلم,1,0,14:00,1387/12/18,0,0
جام حذفی ایران 87-88,جام حذفی ایران یک هشتم نهایی  ,سپاهان,پرسپولیس,0,1,14:00,1388/02/10,0,0
جام حذفی ایران 87-88,جام حذفی ایران یک هشتم نهایی  ,پیام مشهد,پاس,0,4,14:00,1387/12/25,0,0
جام حذفی ایران 87-88,جام حذفی ایران یک هشتم نهایی  ,برق شیراز,راه‌آهن,1,4,14:00,1388/02/10,0,0
جام حذفی ایران 87-88,جام حذفی ایران یک هشتم نهایی  ,استیل آذین,تراکتور,2,2,14:00,1387/12/18,6,5
جام حذفی ایران 87-88,جام حذفی ایران یک چهارم نهایی  ,مس رفسنجان,صبای قم,2,3,14:00,1388/02/20,0,0
جام حذفی ایران 87-88,جام حذفی ایران یک چهارم نهایی  ,فولاد,ذوب آهن,0,3,14:00,1388/02/11,0,0
جام حذفی ایران 87-88,جام حذفی ایران یک چهارم نهایی  ,پرسپولیس,پاس,1,2,14:00,1388/02/20,0,0
جام حذفی ایران 87-88,جام حذفی ایران یک چهارم نهایی  ,راه‌آهن,تراکتور,1,0,14:00,1388/02/16,0,0
جام حذفی ایران 87-88,جام حذفی ایران نیمه نهایی  ,ذوب آهن,صبای قم,1,1,14:00,1388/02/24,5,6
جام حذفی ایران 87-88,جام حذفی ایران نیمه نهایی  ,پاس,راه‌آهن,0,1,14:00,1388/02/24,0,0
جام حذفی ایران 87-88,جام حذفی ایران فینال  ,ذوب آهن,راه‌آهن,0,1,14:00,1388/02/28,0,0
جام حذفی ایران 87-88,جام حذفی ایران فینال  ,راه‌آهن,ذوب آهن,1,5,14:00,1388/03/01,0,0
جام حذفی ایران 86-87,جام حذفی ایران یک شانزدهم  ,پتروشیمی تبریز,پرسپولیس,1,4,14:00,1386/09/26,0,0
جام حذفی ایران 86-87,جام حذفی ایران یک شانزدهم  ,فولاد یزد,پاس,1,4,14:00,1386/09/21,0,0
جام حذفی ایران 86-87,جام حذفی ایران یک شانزدهم  ,سمند تهران,استقلال اهواز,0,3,14:00,1386/09/01,0,0
جام حذفی ایران 86-87,جام حذفی ایران یک شانزدهم  ,سایپا,فولاد,1,2,14:00,1386/09/02,0,0
جام حذفی ایران 86-87,جام حذفی ایران یک شانزدهم  ,راه‌آهن,پیام مشهد,1,1,14:00,1386/09/02,6,7
جام حذفی ایران 86-87,جام حذفی ایران یک شانزدهم  ,استیل آذین,شیرین‌فراز‌,2,1,14:00,1386/09/02,0,0
جام حذفی ایران 86-87,جام حذفی ایران یک شانزدهم  ,تربیت بدنی یزد,استقلال,3,5,14:00,1386/09/02,0,0
جام حذفی ایران 86-87,جام حذفی ایران یک شانزدهم  ,ذوب آهن,کاوه زنجان,4,1,14:00,1386/09/01,0,0
جام حذفی ایران 86-87,جام حذفی ایران یک شانزدهم  ,نساجی مازندران,برق شیراز,0,3,14:00,1386/09/02,0,0
جام حذفی ایران 86-87,جام حذفی ایران یک شانزدهم  ,شهرداری انزلی,پیکان,1,2,14:00,1386/09/01,0,0
جام حذفی ایران 86-87,جام حذفی ایران یک شانزدهم  ,ملوان,شاهین بوشهر,0,2,14:00,1386/09/02,0,0
جام حذفی ایران 86-87,جام حذفی ایران یک شانزدهم  ,تراکتور,صبای قم,0,4,14:00,1386/09/01,0,0
جام حذفی ایران 86-87,جام حذفی ایران یک شانزدهم  ,مقاومت شیراز,فجر سپاسی,0,0,14:00,1386/09/01,5,3
جام حذفی ایران 86-87,جام حذفی ایران یک شانزدهم  ,مهرکام پارس تهران,سپاهان,0,1,14:00,1386/11/29,0,0
جام حذفی ایران 86-87,جام حذفی ایران یک شانزدهم  ,ابومسلم,صنایع اراک,0,1,14:00,1386/09/30,0,0
جام حذفی ایران 86-87,جام حذفی ایران یک شانزدهم  ,مس سرچشمه رفسنجان,داماش گیلان,0,3,14:00,1386/09/01,0,0
جام حذفی ایران 86-87,جام حذفی ایران یک هشتم نهایی  ,پرسپولیس,پاس,0,3,14:00,1386/10/03,0,0
جام حذفی ایران 86-87,جام حذفی ایران یک هشتم نهایی  ,استقلال اهواز,فولاد,4,4,14:00,1386/09/26,8,7
جام حذفی ایران 86-87,جام حذفی ایران یک هشتم نهایی  ,استیل آذین,راه‌آهن,2,2,14:00,1386/09/30,5,2
جام حذفی ایران 86-87,جام حذفی ایران یک هشتم نهایی  ,استقلال,ذوب آهن,1,1,14:00,1386/09/30,1,3
جام حذفی ایران 86-87,جام حذفی ایران یک هشتم نهایی  ,پیکان,برق شیراز,0,1,14:00,1386/09/30,0,0
جام حذفی ایران 86-87,جام حذفی ایران یک هشتم نهایی  ,صبای قم,شاهین بوشهر,2,2,14:00,1386/09/30,6,5
جام حذفی ایران 86-87,جام حذفی ایران یک هشتم نهایی  ,سپاهان,فجر سپاسی,2,1,14:00,1386/12/07,0,0
جام حذفی ایران 86-87,جام حذفی ایران یک هشتم نهایی  ,داماش گیلان,صنایع اراک,1,0,14:00,1387/01/07,0,0
جام حذفی ایران 86-87,جام حذفی ایران یک چهارم نهایی  ,فولاد,پاس,0,0,14:00,1386/12/07,4,5
جام حذفی ایران 86-87,جام حذفی ایران یک چهارم نهایی  ,راه‌آهن,استقلال,2,2,14:00,1387/02/03,5,3
جام حذفی ایران 86-87,جام حذفی ایران یک چهارم نهایی  ,شاهین بوشهر,برق شیراز,0,2,14:00,1386/12/20,0,0
جام حذفی ایران 86-87,جام حذفی ایران یک چهارم نهایی  ,سپاهان,داماش گیلان,2,4,14:00,1387/03/07,0,0
جام حذفی ایران 86-87,جام حذفی ایران نیمه نهایی  ,استقلال,فولاد,1,1,14:00,1387/03/12,2,4
جام حذفی ایران 86-87,جام حذفی ایران نیمه نهایی  ,برق شیراز,داماش گیلان,1,2,14:00,1387/03/09,0,0
جام حذفی ایران 86-87,جام حذفی ایران فینال  ,استقلال,داماش گیلان,0,1,14:00,1387/03/20,0,0
جام حذفی ایران 86-87,جام حذفی ایران فینال  ,داماش گیلان,استقلال,0,3,14:00,1387/03/27,0,0
