Year,Competition,تيم,امتياز,بازی,برد,باخت,30,31,32,23,13,03,برده,برده,باخته,باخته,معدل,معدل,برده,برده,باخته,باخته,معدل,معدل
2017 (سطح A),لیگ جهانی والیبال,فرانسه,25,9,8,1,4,4,,1,,,26,792,7,673,3.714,1.177,26,792,7,673,3.714,1.177
2017 (سطح A),لیگ جهانی والیبال,برزیل,19,9,6,3,1,5,,1,2,,22,817,14,786,1.571,1.039,22,817,14,786,1.571,1.039
2017 (سطح A),لیگ جهانی والیبال,صربستان,18,9,6,3,2,3,1,1,1,1,21,797,14,767,1.500,1.039,21,797,14,767,1.500,1.039
2017 (سطح A),لیگ جهانی والیبال,روسیه,14,9,5,4,3,,2,1,2,1,19,787,16,775,1.188,1.015,19,787,16,775,1.188,1.015
2017 (سطح A),لیگ جهانی والیبال,کانادا,12,9,5,4,,2,3,,3,1,18,844,20,858,0.900,0.984,18,844,20,858,0.900,0.984
2017 (سطح A),لیگ جهانی والیبال,آمریکا,14,9,4,5,3,1,,2,3,,19,816,16,804,1.188,1.015,19,816,16,804,1.188,1.015
2017 (سطح A),لیگ جهانی والیبال,بلژیک,14,9,4,5,1,2,1,3,,2,18,808,19,820,0.947,0.985,18,808,19,820,0.947,0.985
2017 (سطح A),لیگ جهانی والیبال,لهستان,12,9,4,5,1,2,1,1,3,1,17,806,19,801,0.895,1.006,17,806,19,801,0.895,1.006
2017 (سطح A),لیگ جهانی والیبال,بلغارستان,10,9,4,5,,1,3,1,2,2,16,819,22,861,0.727,0.951,16,819,22,861,0.727,0.951
2017 (سطح A),لیگ جهانی والیبال,آرژانتین,11,9,3,6,,2,1,3,,3,15,800,22,837,0.682,0.956,15,800,22,837,0.682,0.956
2017 (سطح A),لیگ جهانی والیبال,ایران,7,9,3,6,,1,2,,2,4,11,739,23,795,0.478,0.93,11,739,23,795,0.478,0.93
2017 (سطح A),لیگ جهانی والیبال,ایتالیا,6,9,2,7,1,,1,1,5,1,13,798,23,846,0.565,0.943,13,798,23,846,0.565,0.943
2016 (سطح A),لیگ جهانی والیبال,برزیل,31,13,11,2,5,4,2,,1,1,34,1155,14,1021,2.429,1.131,34,1155,14,1021,2.429,1.131
2016 (سطح A),لیگ جهانی والیبال,صربستان,30,13,10,3,4,4,2,2,,1,34,1186,17,1102,2.000,1.076,34,1186,17,1102,2.000,1.076
2016 (سطح A),لیگ جهانی والیبال,فرانسه,26,13,8,5,6,1,1,3,2,,32,1192,18,1116,1.778,1.068,32,1192,18,1116,1.778,1.068
2016 (سطح A),لیگ جهانی والیبال,آمریکا,24,11,8,3,3,4,1,1,2,,28,1020,15,964,1.867,1.058,28,1020,15,964,1.867,1.058
2016 (سطح A),لیگ جهانی والیبال,ایتالیا,23,13,7,6,5,2,,2,,4,25,1044,20,1006,1.250,1.038,25,1044,20,1006,1.250,1.038
2016 (سطح A),لیگ جهانی والیبال,روسیه,15,9,5,4,3,2,,,,4,15,698,14,662,1.071,1.054,15,698,14,662,1.071,1.054
2016 (سطح A),لیگ جهانی والیبال,لهستان,10,11,4,7,,2,2,,3,4,15,947,27,1013,0.556,0.935,15,947,27,1013,0.556,0.935
2016 (سطح A),لیگ جهانی والیبال,ایران,9,9,4,5,,1,3,,3,2,15,777,22,861,0.682,0.902,15,777,22,861,0.682,0.902
2016 (سطح A),لیگ جهانی والیبال,بلژیک,11,9,3,6,2,,1,3,,3,15,760,20,779,0.750,0.976,15,760,20,779,0.750,0.976
2016 (سطح A),لیگ جهانی والیبال,آرژانتین,10,9,3,6,2,,1,2,3,1,16,824,20,835,0.800,0.987,16,824,20,835,0.800,0.987
2016 (سطح A),لیگ جهانی والیبال,بلغارستان,2,9,1,8,,,1,,5,3,8,706,26,810,0.308,0.872,8,706,26,810,0.308,0.872
2016 (سطح A),لیگ جهانی والیبال,استرالیا,1,9,0,9,,,,1,1,7,3,600,27,740,0.111,0.811,3,600,27,740,0.111,0.811
2015 (گروه A),لیگ جهانی والیبال,برزیل,28,12,9,3,4,3,2,3,,,33,1145,16,1038,2.063,1.103,33,1145,16,1038,2.063,1.103
2015 (گروه A),لیگ جهانی والیبال,صربستان,23,12,7,5,2,3,2,4,1,,30,1180,22,1152,1.364,1.024,30,1180,22,1152,1.364,1.024
2015 (گروه A),لیگ جهانی والیبال,ایتالیا,16,12,6,6,1,2,3,1,2,3,22,1073,26,1096,0.846,0.979,22,1073,26,1096,0.846,0.979
2015 (گروه A),لیگ جهانی والیبال,استرالیا,5,12,2,10,1,,1,,5,5,11,931,32,1043,0.344,0.893,11,931,32,1043,0.344,0.893
2015 (گروه B),لیگ جهانی والیبال,آمریکا,27,12,9,3,2,6,1,1,,2,29,1071,17,992,1.706,1.08,29,1071,17,992,1.706,1.08
2015 (گروه B),لیگ جهانی والیبال,لهستان,22,12,8,4,1,3,4,2,2,,30,1179,23,1138,1.304,1.036,30,1179,23,1138,1.304,1.036
2015 (گروه B),لیگ جهانی والیبال,ایران,18,12,6,6,4,1,1,1,5,,25,1031,21,1021,1.190,1.01,25,1031,21,1021,1.190,1.01
2015 (گروه B),لیگ جهانی والیبال,روسیه,5,12,1,11,,1,,2,4,5,11,946,34,1076,0.324,0.879,11,946,34,1076,0.324,0.879
2019, لیگ ملت‌های والیبال,برزیل,39,15,14,1,6,4,4,1,,,44,1408,15,1218,2.933,1.156,44,1408,15,1218,2.933,1.156
2019, لیگ ملت‌های والیبال,ایران,36,15,12,3,7,4,1,1,,2,38,1276,15,1173,2.533,1.088,38,1276,15,1173,2.533,1.088
2019, لیگ ملت‌های والیبال,روسیه,34,15,12,3,6,4,2,,1,2,37,1284,17,1164,2.176,1.103,37,1284,17,1164,2.176,1.103
2019, لیگ ملت‌های والیبال,فرانسه,34,15,11,4,5,6,,1,3,,38,1341,18,1251,2.111,1.072,38,1341,18,1251,2.111,1.072
2019, لیگ ملت‌های والیبال,لهستان,30,15,11,4,2,5,4,1,3,,38,1465,25,1397,1.520,1.049,38,1465,25,1397,1.520,1.049
2019, لیگ ملت‌های والیبال,آمریکا,28,15,9,6,3,6,,1,3,2,32,1317,24,1258,1.333,1.047,32,1317,24,1258,1.333,1.047
2019, لیگ ملت‌های والیبال,آرژانتین,26,15,8,7,4,3,1,3,3,1,33,1363,26,1304,1.269,1.045,33,1363,26,1304,1.269,1.045
2019, لیگ ملت‌های والیبال,ایتالیا,25,15,8,7,4,4,,1,5,1,31,1316,25,1263,1.240,1.042,31,1316,25,1263,1.240,1.042
2019, لیگ ملت‌های والیبال,کانادا,23,15,8,7,2,4,2,1,3,3,29,1313,29,1321,1.000,0.994,29,1313,29,1321,1.000,0.994
2019, لیگ ملت‌های والیبال,ژاپن,19,15,7,8,2,2,3,1,4,3,27,1318,32,1326,0.844,0.994,27,1318,32,1326,0.844,0.994
2019, لیگ ملت‌های والیبال,صربستان,17,15,6,9,1,1,4,3,4,2,28,1393,36,1417,0.778,0.983,28,1393,36,1417,0.778,0.983
2019, لیگ ملت‌های والیبال,بلغارستان,13,15,5,10,,2,3,1,4,5,21,1268,38,1372,0.553,0.924,21,1268,38,1372,0.553,0.924
2019, لیگ ملت‌های والیبال,استرالیا,13,15,3,12,2,1,,4,3,5,20,1217,37,1334,0.541,0.912,20,1217,37,1334,0.541,0.912
2019, لیگ ملت‌های والیبال,آلمان,12,15,3,12,,1,2,5,4,3,23,1349,41,1470,0.561,0.918,23,1349,41,1470,0.561,0.918
2019, لیگ ملت‌های والیبال,پرتغال,7,15,2,13,1,1,,1,4,8,12,1095,40,1268,0.300,0.864,12,1095,40,1268,0.300,0.864
2019, لیگ ملت‌های والیبال,چین,4,15,1,14,1,,,1,4,9,9,1047,42,1234,0.214,0.848,9,1047,42,1234,0.214,0.848
1399,آرشیو جدول های لیگ برتر والیبال,سپاهان,26,10,9,1,4,3,2,1,,,29,907,10,803,2.900,1.13,29,907,10,803,2.900,1.13
1399,آرشیو جدول های لیگ برتر والیبال,فولاد سیرجان,25,9,8,1,5,3,,1,,,26,774,6,700,4.333,1.106,26,774,6,700,4.333,1.106
1399,آرشیو جدول های لیگ برتر والیبال,شهرداری ارومیه,20,9,7,2,2,4,1,,1,1,22,798,12,740,1.833,1.078,22,798,12,740,1.833,1.078
1399,آرشیو جدول های لیگ برتر والیبال,سایپا,19,9,6,3,5,1,,1,2,,22,773,10,710,2.200,1.089,22,773,10,710,2.200,1.089
1399,آرشیو جدول های لیگ برتر والیبال,شهرداری ورامین,18,8,6,2,,4,2,2,,,22,801,14,772,1.571,1.038,22,801,14,772,1.571,1.038
1399,آرشیو جدول های لیگ برتر والیبال,لبنیات هراز آمل,17,8,6,2,4,,2,1,1,,21,706,10,643,2.100,1.098,21,706,10,643,2.100,1.098
1399,آرشیو جدول های لیگ برتر والیبال,شهداب یزد,17,9,6,3,2,3,1,,3,,21,834,14,782,1.500,1.066,21,834,14,782,1.500,1.066
1399,آرشیو جدول های لیگ برتر والیبال,هورسان رامسر,10,8,3,5,,3,,1,,4,11,649,18,686,0.611,0.946,11,649,18,686,0.611,0.946
1399,آرشیو جدول های لیگ برتر والیبال,شهرداری گنبد,9,9,3,6,2,,1,1,2,3,13,746,20,754,0.650,0.989,13,746,20,754,0.650,0.989
1399,آرشیو جدول های لیگ برتر والیبال,خاتم اردکان,8,8,2,6,2,,,2,2,2,12,661,18,653,0.667,1.012,12,661,18,653,0.667,1.012
1399,آرشیو جدول های لیگ برتر والیبال,شهرداری قزوین,6,8,2,6,2,,,,3,3,9,594,18,627,0.500,0.947,9,594,18,627,0.500,0.947
1399,آرشیو جدول های لیگ برتر والیبال,پیکان تهران,5,9,2,7,,1,1,,3,4,9,698,24,783,0.375,0.891,9,698,24,783,0.375,0.891
1399,آرشیو جدول های لیگ برتر والیبال,آذرباتری ارومیه,0,8,0,8,,,,,3,5,3,549,24,671,0.125,0.818,3,549,24,671,0.125,0.818
1399,آرشیو جدول های لیگ برتر والیبال,راه یاب ملل مریوان,0,8,0,8,,,,,2,6,2,506,24,672,0.083,0.753,2,506,24,672,0.083,0.753
1398,آرشیو جدول های لیگ برتر والیبال,شهرداری ورامین,38,17,15,2,7,1,7,,1,1,46,1442,21,1335,2.190,1.08,46,1442,21,1335,2.190,1.08
1398,آرشیو جدول های لیگ برتر والیبال,سایپا,38,17,13,4,4,6,3,2,2,,45,1502,24,1378,1.875,1.09,45,1502,24,1378,1.875,1.09
1398,آرشیو جدول های لیگ برتر والیبال,شهرداری ارومیه,38,17,12,5,5,6,1,3,1,1,43,1554,23,1398,1.870,1.112,43,1554,23,1398,1.870,1.112
1398,آرشیو جدول های لیگ برتر والیبال,سپاهان,37,18,12,6,5,4,3,4,1,1,45,1672,28,1575,1.607,1.062,45,1672,28,1575,1.607,1.062
1398,آرشیو جدول های لیگ برتر والیبال,کاله مازندران,35,17,12,5,7,2,3,2,2,1,42,1480,23,1370,1.826,1.08,42,1480,23,1370,1.826,1.08
1398,آرشیو جدول های لیگ برتر والیبال,پیکان تهران,35,17,11,6,5,5,1,3,2,1,41,1446,25,1355,1.640,1.067,41,1446,25,1355,1.640,1.067
1398,آرشیو جدول های لیگ برتر والیبال,شهرداری گنبد,27,17,10,7,4,3,3,,2,5,32,1308,30,1284,1.067,1.019,32,1308,30,1284,1.067,1.019
1398,آرشیو جدول های لیگ برتر والیبال,فولاد سیرجان,22,17,7,10,2,3,2,3,5,2,32,1543,37,1525,0.865,1.012,32,1543,37,1525,0.865,1.012
1398,آرشیو جدول های لیگ برتر والیبال,شهداب یزد,18,18,5,13,1,2,2,5,1,7,26,1509,45,1612,0.578,0.936,26,1509,45,1612,0.578,0.936
1398,آرشیو جدول های لیگ برتر والیبال,راه یاب ملل مریوان,15,17,5,12,3,1,1,1,5,6,22,1363,39,1457,0.564,0.935,22,1363,39,1457,0.564,0.935
1398,آرشیو جدول های لیگ برتر والیبال,پیام مشهد,12,15,3,12,2,1,,3,3,6,18,1101,37,1214,0.486,0.907,18,1101,37,1214,0.486,0.907
1398,آرشیو جدول های لیگ برتر والیبال,شهروند اراک,8,17,3,14,,2,1,,6,8,15,1234,46,1478,0.326,0.835,15,1234,46,1478,0.326,0.835
1398,آرشیو جدول های لیگ برتر والیبال,خاتم اردکان,7,16,2,14,,1,1,2,6,6,16,1178,45,1351,0.356,0.872,16,1178,45,1351,0.356,0.872
1397,آرشیو جدول های لیگ برتر والیبال,شهرداری ورامین,59,24,20,4,9,8,2,3,1,1,65,2169,26,1876,2.500,1.156,65,2169,26,1876,2.500,1.156
1397,آرشیو جدول های لیگ برتر والیبال,پیکان تهران,49,24,16,8,4,9,3,4,1,3,57,2207,39,2052,1.462,1.076,57,2207,39,2052,1.462,1.076
1397,آرشیو جدول های لیگ برتر والیبال,خاتم اردکان,47,24,15,9,7,6,2,4,2,3,55,2034,37,1985,1.486,1.025,55,2034,37,1985,1.486,1.025
1397,آرشیو جدول های لیگ برتر والیبال,فولاد سیرجان,45,24,15,9,5,6,4,4,2,3,55,2190,41,2128,1.341,1.029,55,2190,41,2128,1.341,1.029
1397,آرشیو جدول های لیگ برتر والیبال,پیام مشهد,43,24,15,9,6,3,6,4,3,2,56,2224,42,2072,1.333,1.073,56,2224,42,2072,1.333,1.073
1397,آرشیو جدول های لیگ برتر والیبال,کاله مازندران,41,24,15,9,6,2,8,2,4,2,55,2205,43,2102,1.279,1.049,55,2205,43,2102,1.279,1.049
1397,آرشیو جدول های لیگ برتر والیبال,سایپا,39,24,13,11,4,6,2,4,6,2,51,2194,45,2143,1.133,1.024,51,2194,45,2143,1.133,1.024
1397,آرشیو جدول های لیگ برتر والیبال,شهرداری گنبد,37,24,13,11,3,3,7,5,3,3,52,2251,49,2254,1.061,0.999,52,2251,49,2254,1.061,0.999
1397,آرشیو جدول های لیگ برتر والیبال,شهروند اراک,31,24,11,13,3,4,4,2,5,6,42,1971,51,2157,0.824,0.914,42,1971,51,2157,0.824,0.914
1397,آرشیو جدول های لیگ برتر والیبال,شهرداری تبریز,31,24,10,14,2,5,3,4,5,5,43,2118,53,2207,0.811,0.96,43,2118,53,2207,0.811,0.96
1397,آرشیو جدول های لیگ برتر والیبال,شهرداری ارومیه,24,24,7,17,1,4,2,5,7,5,38,2087,59,2220,0.644,0.94,38,2087,59,2220,0.644,0.94
1397,آرشیو جدول های لیگ برتر والیبال,عقاب نهاجا,12,24,4,20,1,,3,3,10,7,28,2007,66,2186,0.424,0.918,28,2007,66,2186,0.424,0.918
1397,آرشیو جدول های لیگ برتر والیبال,دورنا ارومیه,10,24,2,22,1,1,,4,8,10,22,1885,65,2156,0.338,0.874,22,1885,65,2156,0.338,0.874
1396,آرشیو جدول های لیگ برتر والیبال,بانک سرمایه,57,22,19,3,4,3,,,2,,60,1875,16,1583,3.750,1.184,60,1875,16,1583,3.750,1.184
1396,آرشیو جدول های لیگ برتر والیبال,سایپا,47,22,16,6,6,7,3,2,2,2,54,1958,31,1744,1.742,1.123,54,1958,31,1744,1.742,1.123
1396,آرشیو جدول های لیگ برتر والیبال,شهرداری تبریز,44,22,16,6,5,6,4,1,2,3,52,1933,34,1870,1.529,1.034,52,1933,34,1870,1.529,1.034
1396,آرشیو جدول های لیگ برتر والیبال,شهرداری ورامین,40,22,13,9,3,6,4,5,1,3,50,2053,41,2007,1.220,1.023,50,2053,41,2007,1.220,1.023
1396,آرشیو جدول های لیگ برتر والیبال,پیکان تهران,39,22,13,9,9,1,3,3,3,3,48,1907,33,1702,1.455,1.12,48,1907,33,1702,1.455,1.12
1396,آرشیو جدول های لیگ برتر والیبال,کاله مازندران,39,22,13,9,6,5,2,2,4,3,47,1940,36,1792,1.306,1.083,47,1940,36,1792,1.306,1.083
1396,آرشیو جدول های لیگ برتر والیبال,خاتم اردکان,30,22,11,11,3,4,4,1,7,3,42,1952,45,2002,0.933,0.975,42,1952,45,2002,0.933,0.975
1396,آرشیو جدول های لیگ برتر والیبال,هاوش گنبدکاووس,22,22,8,14,2,3,3,1,6,7,32,1687,51,1915,0.627,0.881,32,1687,51,1915,0.627,0.881
1396,آرشیو جدول های لیگ برتر والیبال,شمس,21,22,8,14,,3,,1,2,3,34,1853,52,1982,0.654,0.935,34,1853,52,1982,0.654,0.935
1396,آرشیو جدول های لیگ برتر والیبال,شهرداری ارومیه,23,22,7,15,1,3,3,5,7,3,38,1887,53,2079,0.717,0.908,38,1887,53,2079,0.717,0.908
1396,آرشیو جدول های لیگ برتر والیبال,ساری 21,17,22,5,17,1,,,3,2,3,30,1744,54,1949,0.556,0.895,30,1744,54,1949,0.556,0.895
1396,آرشیو جدول های لیگ برتر والیبال,رعد پدافند کاشان,11,22,3,19,1,1,1,3,6,10,21,1699,59,1863,0.356,0.912,21,1699,59,1863,0.356,0.912
1395,آرشیو جدول های لیگ برتر والیبال,بانک سرمایه,55,22,20,2,4,1,1,,,,62,1995,21,1703,2.952,1.171,62,1995,21,1703,2.952,1.171
1395,آرشیو جدول های لیگ برتر والیبال,پیکان تهران,53,22,18,4,5,9,4,3,1,,61,2114,29,1910,2.103,1.107,61,2114,29,1910,2.103,1.107
1395,آرشیو جدول های لیگ برتر والیبال,شهرداری ارومیه,42,21,14,7,8,5,1,1,3,3,47,1749,28,1573,1.679,1.112,47,1749,28,1573,1.679,1.112
1395,آرشیو جدول های لیگ برتر والیبال,سایپا,36,22,12,10,5,4,3,3,4,3,46,1950,40,1875,1.150,1.04,46,1950,40,1875,1.150,1.04
1395,آرشیو جدول های لیگ برتر والیبال,متین ورامین,30,22,11,11,4,2,5,2,5,4,42,1873,44,1958,0.955,0.957,42,1873,44,1958,0.955,0.957
1395,آرشیو جدول های لیگ برتر والیبال,کاله مازندران,32,22,10,12,6,3,1,3,5,4,41,1745,41,1742,1.000,1.002,41,1745,41,1742,1.000,1.002
1395,آرشیو جدول های لیگ برتر والیبال,خاتم اردکان,32,22,10,12,2,6,2,4,4,4,42,1928,45,1986,0.933,0.971,42,1928,45,1986,0.933,0.971
1395,آرشیو جدول های لیگ برتر والیبال,شهرداری تبریز,31,22,10,12,5,3,2,3,3,6,39,1831,43,1815,0.907,1.009,39,1831,43,1815,0.907,1.009
1395,آرشیو جدول های لیگ برتر والیبال,ساری 21,26,21,9,12,2,4,3,2,5,5,36,1711,46,1825,0.783,0.938,36,1711,46,1825,0.783,0.938
1395,آرشیو جدول های لیگ برتر والیبال,پارسه تهران,30,22,8,14,4,3,1,7,3,4,41,1885,47,1938,0.872,0.973,41,1885,47,1938,0.872,0.973
1395,آرشیو جدول های لیگ برتر والیبال,شهرداری اراک,15,22,5,17,,4,1,1,7,9,24,1764,57,1941,0.421,0.909,24,1764,57,1941,0.421,0.909
1395,آرشیو جدول های لیگ برتر والیبال,هاوش گنبد,11,22,4,18,,,1,1,5,3,22,1673,60,1950,0.367,0.858,22,1673,60,1950,0.367,0.858
1394,آرشیو جدول های لیگ برتر والیبال,بانک سرمایه,50,20,17,3,9,7,1,,2,1,53,1712,18,1506,2.944,1.137,53,1712,18,1506,2.944,1.137
1394,آرشیو جدول های لیگ برتر والیبال,پیکان تهران,45,20,16,4,8,4,4,1,2,1,52,1754,24,1594,2.167,1.1,52,1754,24,1594,2.167,1.1
1394,آرشیو جدول های لیگ برتر والیبال,شهرداری ارومیه,46,20,15,5,5,9,1,2,1,2,50,1781,26,1610,1.923,1.106,50,1781,26,1610,1.923,1.106
1394,آرشیو جدول های لیگ برتر والیبال,ثامن الحجج خراسان,34,20,11,9,4,5,2,3,2,4,41,1717,36,1685,1.139,1.019,41,1717,36,1685,1.139,1.019
1394,آرشیو جدول های لیگ برتر والیبال,شهرداری تبریز,32,20,11,9,5,1,5,4,3,2,44,1833,38,1787,1.158,1.026,44,1833,38,1787,1.158,1.026
1394,آرشیو جدول های لیگ برتر والیبال,سایپا,29,20,10,10,4,,6,5,3,2,43,1869,42,1788,1.024,1.045,43,1869,42,1788,1.024,1.045
1394,آرشیو جدول های لیگ برتر والیبال,متین ورامین,30,20,9,11,3,3,3,6,3,2,42,1870,42,1808,1.000,1.034,42,1870,42,1808,1.000,1.034
1394,آرشیو جدول های لیگ برتر والیبال,خاتم اردکان,23,20,9,11,2,1,6,2,5,4,36,1740,46,1868,0.783,0.931,36,1740,46,1868,0.783,0.931
1394,آرشیو جدول های لیگ برتر والیبال,کاله مازندران,22,20,7,13,4,2,1,2,5,6,30,1546,43,1669,0.698,0.926,30,1546,43,1669,0.698,0.926
1394,آرشیو جدول های لیگ برتر والیبال,جواهری گنبد,11,20,4,16,,1,3,2,5,9,21,1555,55,1811,0.382,0.859,21,1555,55,1811,0.382,0.859
1394,آرشیو جدول های لیگ برتر والیبال,آلومینیوم‌المهدی,8,20,1,19,,1,,5,3,11,16,1540,58,1791,0.276,0.86,16,1540,58,1791,0.276,0.86
93-94 (گروه اول),آرشیو جدول های لیگ برتر والیبال,پیکان تهران,31,12,11,1,5,3,3,1,,,35,1117,12,975,2.917,1.146,35,1117,12,975,2.917,1.146
93-94 (گروه اول),آرشیو جدول های لیگ برتر والیبال,میزان خراسان,27,12,8,4,3,5,,3,1,,31,1129,17,1028,1.824,1.098,31,1129,17,1028,1.824,1.098
93-94 (گروه اول),آرشیو جدول های لیگ برتر والیبال,شهرداری تبریز,23,12,8,4,3,3,2,1,2,1,28,1073,19,1026,1.474,1.046,28,1073,19,1026,1.474,1.046
93-94 (گروه اول),آرشیو جدول های لیگ برتر والیبال,جواهری گنبد,20,12,7,5,3,3,1,,1,4,22,977,20,944,1.100,1.035,22,977,20,944,1.100,1.035
93-94 (گروه اول),آرشیو جدول های لیگ برتر والیبال,تعاون گنبد,10,12,4,8,,1,3,1,4,3,18,1042,31,1152,0.581,0.905,18,1042,31,1152,0.581,0.905
93-94 (گروه اول),آرشیو جدول های لیگ برتر والیبال,گوهر کویر زاهدان,12,12,3,9,1,2,,3,3,3,18,1011,29,1045,0.621,0.967,18,1011,29,1045,0.621,0.967
93-94 (گروه اول),آرشیو جدول های لیگ برتر والیبال,ارتعاشات‌صنعتی,3,12,1,11,,,1,1,6,4,11,948,35,1127,0.314,0.841,11,948,35,1127,0.314,0.841
93-94 (گروه دوم),آرشیو جدول های لیگ برتر والیبال,شهرداری ارومیه,30,12,10,2,9,1,,,2,,32,982,7,847,4.571,1.159,32,982,7,847,4.571,1.159
93-94 (گروه دوم),آرشیو جدول های لیگ برتر والیبال,متین ورامین,28,12,9,3,4,5,,1,,2,29,1055,14,974,2.071,1.083,29,1055,14,974,2.071,1.083
93-94 (گروه دوم),آرشیو جدول های لیگ برتر والیبال,نوین کشاورز,20,12,7,5,1,3,3,2,,3,25,1089,24,1086,1.042,1.003,25,1089,24,1086,1.042,1.003
93-94 (گروه دوم),آرشیو جدول های لیگ برتر والیبال,وزارت دفاع,18,12,6,6,3,1,2,2,2,2,24,1079,23,1074,1.043,1.005,24,1079,23,1074,1.043,1.005
93-94 (گروه دوم),آرشیو جدول های لیگ برتر والیبال,سایپا,14,12,5,7,1,1,3,2,3,2,22,1116,28,1139,0.786,0.98,22,1116,28,1139,0.786,0.98
93-94 (گروه دوم),آرشیو جدول های لیگ برتر والیبال,آلومینیوم‌المهدی,13,12,4,8,2,,2,3,2,3,20,1062,28,1086,0.714,0.978,20,1062,28,1086,0.714,0.978
93-94 (گروه دوم),آرشیو جدول های لیگ برتر والیبال,مهر پارس,3,12,1,11,1,,,,2,9,5,758,33,935,0.152,0.811,5,758,33,935,0.152,0.811
92-93,آرشیو جدول های لیگ برتر والیبال,متین ورامین,48,22,17,5,9,3,5,2,3,,58,1983,28,1800,2.071,1.102,58,1983,28,1800,2.071,1.102
92-93,آرشیو جدول های لیگ برتر والیبال,باریج اسانس,49,22,16,6,8,7,1,2,2,2,54,1904,27,1722,2.000,1.106,54,1904,27,1722,2.000,1.106
92-93,آرشیو جدول های لیگ برتر والیبال,میزان خراسان,43,22,14,8,5,7,2,3,2,3,50,1927,35,1864,1.429,1.034,50,1927,35,1864,1.429,1.034
92-93,آرشیو جدول های لیگ برتر والیبال,کاله مازندران,38,22,14,8,2,6,6,2,3,3,49,1995,42,1967,1.167,1.014,49,1995,42,1967,1.167,1.014
92-93,آرشیو جدول های لیگ برتر والیبال,پیکان تهران,35,22,13,9,2,5,6,2,5,2,48,2026,44,1998,1.091,1.014,48,2026,44,1998,1.091,1.014
92-93,آرشیو جدول های لیگ برتر والیبال,نوین کشاورز,29,22,11,11,2,4,5,1,7,3,42,1955,47,1999,0.894,0.978,42,1955,47,1999,0.894,0.978
92-93,آرشیو جدول های لیگ برتر والیبال,شهرداری تبریز,31,22,10,12,3,5,2,3,5,4,41,1959,45,1967,0.911,0.996,41,1959,45,1967,0.911,0.996
92-93,آرشیو جدول های لیگ برتر والیبال,آلومینیوم‌المهدی,27,22,8,14,3,1,4,7,3,4,41,1890,51,2007,0.804,0.942,41,1890,51,2007,0.804,0.942
92-93,آرشیو جدول های لیگ برتر والیبال,جواهری گنبد,26,22,8,14,2,4,2,4,5,5,37,1891,50,1921,0.740,0.984,37,1891,50,1921,0.740,0.984
92-93,آرشیو جدول های لیگ برتر والیبال,گوهر کویر زاهدان,25,22,8,14,2,5,1,2,6,6,34,1869,49,1943,0.694,0.962,34,1869,49,1943,0.694,0.962
92-93,آرشیو جدول های لیگ برتر والیبال,شهرداری ارومیه,28,22,7,15,4,3,,7,4,4,39,1877,48,1922,0.812,0.977,39,1877,48,1922,0.812,0.977
92-93,آرشیو جدول های لیگ برتر والیبال,سایپا,17,22,6,16,1,1,4,3,6,7,30,1851,57,2017,0.526,0.918,30,1851,57,2017,0.526,0.918
91-92,آرشیو جدول های لیگ برتر والیبال,پیکان تهران,51,22,17,5,9,5,3,3,1,1,58,1960,26,1791,2.231,1.094,58,1960,26,1791,2.231,1.094
91-92,آرشیو جدول های لیگ برتر والیبال,متین ورامین,47,22,16,6,5,9,2,1,2,3,52,1941,31,1832,1.677,1.059,52,1941,31,1832,1.677,1.059
91-92,آرشیو جدول های لیگ برتر والیبال,سایپا,42,22,15,7,4,5,6,3,3,1,54,2097,38,2013,1.421,1.042,54,2097,38,2013,1.421,1.042
91-92,آرشیو جدول های لیگ برتر والیبال,کاله مازندران,41,22,15,7,5,6,4,,3,4,48,1884,35,1869,1.371,1.008,48,1884,35,1869,1.371,1.008
91-92,آرشیو جدول های لیگ برتر والیبال,شهرداری ارومیه,41,22,14,8,4,6,4,3,3,2,51,2047,38,1885,1.342,1.086,51,2047,38,1885,1.342,1.086
91-92,آرشیو جدول های لیگ برتر والیبال,پیشگامان کویر,36,22,11,11,4,5,2,5,6,,49,2052,42,1993,1.167,1.03,49,2052,42,1993,1.167,1.03
91-92,آرشیو جدول های لیگ برتر والیبال,باریج اسانس,30,22,11,11,2,4,5,2,4,5,41,1954,47,2032,0.872,0.962,41,1954,47,2032,0.872,0.962
91-92,آرشیو جدول های لیگ برتر والیبال,آلومینیوم‌المهدی,28,22,11,11,2,3,6,1,7,3,42,1968,48,2044,0.875,0.963,42,1968,48,2044,0.875,0.963
91-92,آرشیو جدول های لیگ برتر والیبال,میزان خراسان,34,22,10,12,1,7,2,6,4,2,46,2073,47,2065,0.979,1.004,46,2073,47,2065,0.979,1.004
91-92,آرشیو جدول های لیگ برتر والیبال,شهرداری تبریز,22,22,6,16,2,3,1,5,8,3,36,1971,53,2059,0.679,0.957,36,1971,53,2059,0.679,0.957
91-92,آرشیو جدول های لیگ برتر والیبال,نوین کشاورز,16,22,5,17,,2,3,4,7,6,30,1921,59,2037,0.508,0.943,30,1921,59,2037,0.508,0.943
91-92,آرشیو جدول های لیگ برتر والیبال,جواهری گنبد,8,22,1,21,,,1,6,7,8,22,1793,65,2041,0.338,0.878,22,1793,65,2041,0.338,0.878
90-91,آرشیو جدول های لیگ برتر والیبال,سایپا,78,31,26,5,,,,,,,0,0,0,0,0.000,0,0,0,0,0,0.000,0
90-91,آرشیو جدول های لیگ برتر والیبال,کاله مازندران,78,32,26,6,,,,,,,0,0,0,0,0.000,0,0,0,0,0,0.000,0
90-91,آرشیو جدول های لیگ برتر والیبال,پیکان تهران,69,31,23,8,,,,,,,0,0,0,0,0.000,0,0,0,0,0,0.000,0
90-91,آرشیو جدول های لیگ برتر والیبال,شهرداری ارومیه,51,29,17,12,,,,,,,0,0,0,0,0.000,0,0,0,0,0,0.000,0
90-91,آرشیو جدول های لیگ برتر والیبال,پیشگامان کویر,48,26,16,10,,,,,,,0,0,0,0,0.000,0,0,0,0,0,0.000,0
90-91,آرشیو جدول های لیگ برتر والیبال,گیتی پسند,48,26,16,10,,,,,,,0,0,0,0,0.000,0,0,0,0,0,0.000,0
90-91,آرشیو جدول های لیگ برتر والیبال,باریج اسانس,45,26,15,11,,,,,,,0,0,0,0,0.000,0,0,0,0,0,0.000,0
90-91,آرشیو جدول های لیگ برتر والیبال,هاوش گنبد,39,26,13,13,,,,,,,0,0,0,0,0.000,0,0,0,0,0,0.000,0
90-91,آرشیو جدول های لیگ برتر والیبال,شهرداری تبریز,36,26,12,14,,,,,,,0,0,0,0,0.000,0,0,0,0,0,0.000,0
90-91,آرشیو جدول های لیگ برتر والیبال,میزان خراسان,27,26,9,17,,,,,,,0,0,0,0,0.000,0,0,0,0,0,0.000,0
90-91,آرشیو جدول های لیگ برتر والیبال,نوین کشاورز,27,26,9,17,,,,,,,0,0,0,0,0.000,0,0,0,0,0,0.000,0
90-91,آرشیو جدول های لیگ برتر والیبال,آلومینیوم‌المهدی,15,25,5,20,,,,,,,0,0,0,0,0.000,0,0,0,0,0,0.000,0
90-91,آرشیو جدول های لیگ برتر والیبال,کرمان,9,26,3,23,,,,,,,0,0,0,0,0.000,0,0,0,0,0,0.000,0
90-91,آرشیو جدول های لیگ برتر والیبال,مناطق نفت خیز,3,26,1,25,,,,,,,0,0,0,0,0.000,0,0,0,0,0,0.000,0
2015 (مرحله گروهی),جام جهانی والیبال,آمریکا,30,11,10,1,7,3,,,1,,31,899,6,746,5.167,1.205,31,899,6,746,5.167,1.205
2015 (مرحله گروهی),جام جهانی والیبال,ایتالیا,29,11,10,1,6,3,1,,,1,30,918,8,780,3.750,1.177,30,918,8,780,3.750,1.177
2015 (مرحله گروهی),جام جهانی والیبال,لهستان,29,11,10,1,3,6,1,,1,,31,1011,11,884,2.818,1.144,31,1011,11,884,2.818,1.144
2015 (مرحله گروهی),جام جهانی والیبال,روسیه,23,11,8,3,6,1,1,,1,2,25,885,12,794,2.083,1.115,25,885,12,794,2.083,1.115
2015 (مرحله گروهی),جام جهانی والیبال,آرژانتین,21,11,7,4,4,2,1,1,3,,26,985,16,922,1.625,1.068,26,985,16,922,1.625,1.068
2015 (مرحله گروهی),جام جهانی والیبال,ژاپن,16,11,5,6,3,1,1,2,2,2,21,928,21,934,1.000,0.994,21,928,21,934,1.000,0.994
2015 (مرحله گروهی),جام جهانی والیبال,کانادا,13,11,5,6,3,,2,,3,3,18,886,22,940,0.818,0.943,18,886,22,940,0.818,0.943
2015 (مرحله گروهی),جام جهانی والیبال,ایران,12,11,4,7,2,1,1,1,2,4,16,905,24,893,0.667,1.013,16,905,24,893,0.667,1.013
2015 (مرحله گروهی),جام جهانی والیبال,استرالیا,12,11,4,7,2,1,1,1,1,5,15,831,24,925,0.625,0.898,15,831,24,925,0.625,0.898
2015 (مرحله گروهی),جام جهانی والیبال,مصر,8,11,2,9,,1,1,3,1,5,13,889,30,976,0.433,0.911,13,889,30,976,0.433,0.911
2015 (مرحله گروهی),جام جهانی والیبال,ونزوئلا,3,11,1,10,,,1,1,3,6,8,815,32,981,0.250,0.831,8,815,32,981,0.250,0.831
2015 (مرحله گروهی),جام جهانی والیبال,تونس,2,11,0,11,,,,2,1,8,5,747,33,924,0.152,0.808,5,747,33,924,0.152,0.808
