نقل و انتقال,سال,تیم,ورودی ، قطعی,ورودی ، قرضی (بازگشت),ورودی ، قرضی,ورودی ، احتمالی,خروجی ، قطعی,خروجی ، قرضی (بازگشت),خروجی ، قرضی,خروجی ، احتمالی
نقل و انتقالات لیگ برتر ,99-00,استقلال,"['بابک مرادی', 'سید احمد موسوی', 'متین کریم زاده', 'محمد  نادری', 'محمد رشید مظاهری', 'محمدحسین مرادمند', 'مهدی مهدی پور']",['سجاد آقایی'],[],[],"['شاهین طاهرخانی', 'سیدحسین حسینی', 'علی  دشتی', 'محسن کریمی', 'میلاد زکی پور', 'زکریا مرادی', 'روزبه چشمی', 'عبدالعظیم  گوگ', 'علی کریمی', 'مرتضی تبریزی']",[],"['حسین پورحمیدی', 'محمد  بلبلی']",['سیدحسین حسینی']
نقل و انتقالات لیگ برتر ,99-00,آلومینیوم اراک,"['اسماعیل شریفات', 'پوریا آریاکیا', 'جابر انصاری', 'شاهین توکلی', 'عزیز معبودی', 'محسن ربیع خواه', 'محمد ایران\u200c پوریان', 'مرتضی آقاخان', 'مصطفی احمدی']",[],['حسین پورحمیدی'],[],['محمود قائد رحمتی'],['امیرحسین جدی'],[],[]
نقل و انتقالات لیگ برتر ,99-00,پارس جنوبی جم,[],[],[],[],"['پوریا آریاکیا', 'متین کریم زاده', 'محمد نوری', 'فریبرز گرامی', 'رضا خالقی فر', 'علی عبدالله زاده', 'محسن فروزان', 'ایمان باصفا', 'میلاد  خدایی']",[],[],[]
نقل و انتقالات لیگ برتر ,99-00,پرسپولیس,"['آرمان رمضانی', 'احسان پهلوان', 'حامد لک', 'سعید آقایی', 'علی شجاعی', 'عیسی آل کثیر', 'محمد شریفی', 'محمد مهدی مهدی خانی', 'میلاد سرلک', 'فرشاد فرجی']",[],[],['فرشاد فرجی'],"['علیرضا بیرانوند', 'محمد  نادری', 'شجاع خلیل زاده', 'علی علیپور', 'محسن ربیع خواه', 'مهدی ترابی', 'کریستین  اوساگوآنا']",[],['امیر روستایی'],[]
نقل و انتقالات لیگ برتر ,99-00,پیکان,"['اسماعیل بابایی', 'حسین حیدری', 'رضا جبیره', 'شاهین طاهرخانی', 'فرزاد حاتمی', 'مجید عیدی', 'محمد دریس', 'محمد نوری', 'محمدامین درویشی', 'معراج اسماعیلی', 'معین عباسیان', 'مهدی شریفی']",['امیرحسین جدی'],['امیر روستایی'],[],"['جابر انصاری', 'سعید واسعی', 'جلال الدین علی محمدی', 'امیرحسین کریمی', 'سیدمهران موسوی', 'فراز امامعلی', 'شهریار مغانلو', 'علی حمودی', 'محمد دریس']",[],[],[]
نقل و انتقالات لیگ برتر ,99-00,تراکتور,"['امین اسدی', 'حبیب فرعباسی', 'حمید بوحمدان', 'سعید واسعی', 'عکاشه حمزاوی', 'محمد خرم\u200c الحسینی', 'محمد عباس زاده', 'محمد قادری', 'محمد مسلمی پور', 'محمد مهدی قنبری', 'هادی محمدی', 'وفا هخامنش', 'امین قاسمی نژاد', 'سیدحسین حسینی']",['ابوالفضل رزاق پور'],[],"['امین قاسمی نژاد', 'سیدحسین حسینی']","['محمد رشید مظاهری', 'رضا اسدی', 'ساسان انصاری', 'ایمان سلیمی', 'محمدرضا  آزادی']",[],['ابوالفضل رزاق پور'],[]
نقل و انتقالات لیگ برتر ,99-00,ذوب آهن,"['ابوالفضل  عکاشه', 'دانیال مومنی', 'شهاب گردان', 'عبدالله حسینی', 'علی  دشتی', 'علی نبی زاده', 'محمد قریشی', 'مهرداد قنبری', 'میلاد جهانی']",[],[],[],"['مهدی مهدی پور', 'احسان پهلوان', 'معراج اسماعیلی', 'حمید بوحمدان', 'هادی محمدی', 'وفا هخامنش', 'دانیال اسماعیلی فر', 'محمد نژادمهدی', ' مهران  درخشان مهر', 'محمدرضا عباسی', 'محمد باقر صادقی', 'رحیم زهیوی']",['سجاد آقایی'],[],[]
نقل و انتقالات لیگ برتر ,99-00,سایپا,"['حسین مالکی', 'حسین ماهینی', 'حمید گلزاری', 'فریبرز گرامی', 'محسن مسلمان', 'مهرداد حیدری', 'مهرداد عبدی', 'کوروش ملکی']",[],[],[],"['مرتضی آقاخان', 'آرمان رمضانی', 'محمد شریفی', 'معین عباسیان', 'آرمین سهرابیان', 'امیر مهدی جانملکی', 'روزبه شاه علی دوست', 'سعید بیگی', ' مصطفی  نائیج پور', 'حامد فلاح زاده', 'خالد شفیعی']",[],[],[]
نقل و انتقالات لیگ برتر ,99-00,سپاهان,"['جلال الدین علی محمدی', 'دانیال اسماعیلی فر', 'روح الله باقری', 'سبحان پسندیده', 'علیرضا صادقی', 'محمد نژادمهدی', 'محمدرضا خلعتبری']",[],[],[],"['محمد ایران\u200c پوریان', 'سعید آقایی', 'ابوالفضل  عکاشه', 'محسن مسلمان', 'محمد طیبی', 'علیرضا نقی زاده', 'علی قربانی', 'ولادیمیر کومان']",[],[],[]
نقل و انتقالات لیگ برتر ,99-00,شاهین شهرداری‌بوشهر,[],[],[],[],"['اسماعیل شریفات', 'حسین مالکی', 'بهمن سالاری']",['ابوالفضل رزاق پور'],[],[]
نقل و انتقالات لیگ برتر ,99-00,شهر خودرو,"['احمد الجبوری', 'امیرحسین کریمی', 'بهتاش میثاقیان', 'رحمان جعفری', 'سعید جلالی راد', 'صادق صادقی بابااحمدی', 'عرفان معصومی', 'میلاد فراهانی']",[],[],[],"['محمدحسین مرادمند', 'میلاد سرلک', 'فرشاد فرجی', 'امین قاسمی نژاد', 'علی نبی زاده', 'محمدرضا خلعتبری', 'سعید صادقی', 'محمد آقاجانپور', 'محمد قاضی']",[],[],"['فرشاد فرجی', 'امین قاسمی نژاد']"
نقل و انتقالات لیگ برتر ,99-00,صنعت نفت آبادان,"['حامد فلاح زاده', 'حسن بیت سعید', 'حکیم نصاری', 'رضا خالقی فر', 'علی آل کثیر', 'علی پورمحمد', 'علی عبدالله زاده', 'فرزین گروسیان', 'محسن آقایی', 'محمد طیبی', 'مهدی زبیدی']",[],[],[],"['مصطفی احمدی', 'عیسی آل کثیر', 'رضا جبیره', 'محمد دریس', 'محمد قریشی', 'میلاد جهانی', 'مهدی مومنی', 'عقیل کعبی', 'ناصر سالاری', 'مسلم  مجدمی']",[],[],[]
نقل و انتقالات لیگ برتر ,99-00,فولاد,"[' مهران  درخشان مهر', 'بهزاد دودانگه', 'حسین ابراهیمی', 'ساسان انصاری', 'سیدمهران موسوی', 'سینا شاه عباسی', 'شروین بزرگ', 'عارف غلام\u200cپور', 'علی سبحانی', 'محسن فروزان', 'محمد میری', 'محمدرضا عباسی']",[],[],[],"['شهاب گردان', 'حسن بیت سعید', 'عباس بوعذار', 'امیرحسین باقرپور', 'هیثم هاشمی\u200cزاده']",[],[],[]
نقل و انتقالات لیگ برتر ,99-00,گل گهرسیرجان,"['آرمین سهرابیان', 'رضا  شربتی', 'سعید صادقی', 'علی اصغر عاشوری', 'علیرضا آرتا', 'علیرضا حقیقی', 'علیرضا علیزاده', 'محسن کریمی', 'میلاد زکی پور']",[],[],[],"['سید احمد موسوی', 'عبدالله حسینی', 'مهرداد عبدی', 'میلاد فراهانی', 'فرشاد بیابانی', 'سجاد آشوری', 'مهرداد بایرامی', 'میلاد  کمندانی']",[],[],[]
نقل و انتقالات لیگ برتر ,99-00,ماشین‌سازی‌تبریز,"['اکبر آفاقی', 'ایمان باصفا', 'بهمن سالاری', 'پیمان  بابایی', 'سید محمد حسینی', 'سیروس صادقیان', 'فرشاد اسدی', 'فرشاد بیابانی', 'محمد باقر صادقی', 'مهدی رستمی', 'مهدی مومنی', 'میلاد  خدایی']",[],['ابوالفضل رزاق پور'],[],"['شاهین توکلی', 'بابک مرادی', 'حامد لک', 'محمد خرم\u200c الحسینی', 'محمد قادری', 'محمد مسلمی پور', 'علی آل کثیر', 'قائم اسلامی خواه', 'مسیح زاهدی', 'فرید بهزادی کریمی', 'عزیز معبودی', 'علیرضا حیدری']",[],[],[]
نقل و انتقالات لیگ برتر ,99-00,مس رفسنجان,"['امید لطیفی', 'حسین شنانی', 'داود نوشی صوفیانی', 'رحیم زهیوی', 'سجاد آشوری', 'سعید کریمی', 'عقیل کعبی', 'علیرضا دغاغله', 'علیرضا نقی زاده', 'عماد  میرجوان', 'فراز امامعلی', 'قائم اسلامی خواه', 'محمد آقاجانپور', 'محمد قاضی', 'مسیح زاهدی', 'میثم نقی زاده', 'ناصر سالاری']",[],[],[],"['حمید گلزاری', 'کوروش ملکی', 'علی پورمحمد']",[],[],[]
نقل و انتقالات لیگ برتر ,99-00,ملوان,['زکریا مرادی'],[],[],[],[],[],[],[]
نقل و انتقالات لیگ برتر ,99-00,نساجی مازندران,"['آرش افشین', 'امیر مهدی جانملکی', 'امیرحسین یحیی زاده', 'ایوب کلانتری', 'روزبه شاه علی دوست', 'سعید بیگی', 'شاهین مجیدی', 'محمود قائد رحمتی', 'مصطفی نوروزی', 'مهرداد بایرامی', 'مهرداد طهماسبی', 'میلاد  کمندانی', 'کریم اسلامی']",[],[],[],"['علی شجاعی', 'محمد عباس زاده', 'حسین ماهینی', 'روح الله باقری', 'رحمان جعفری', 'عرفان معصومی', 'محمد میری', 'علی اصغر عاشوری', 'علیرضا حقیقی']",[],[],[]
نقل و انتقالات لیگ برتر ,99-00,نفت‌ مسجدسلیمان,"[' مصطفی  نائیج پور', 'امین جهان کهن', 'عباس بوعذار', 'فرید بهزادی کریمی', 'میثم تهیدست', 'نیما انتظاری']",[],['محمد  بلبلی'],[],"['پیام ملکیان', 'مجید عیدی', 'حبیب فرعباسی', 'احمد الجبوری', 'صادق صادقی بابااحمدی', 'مهدی زبیدی', 'حسین ابراهیمی', 'علیرضا علیزاده', 'مهدی رستمی', 'سعید کریمی', 'عماد  میرجوان', 'میثم نقی زاده']",[],[],[]
نقل و انتقالات اروپا ,2020-2021,آاس رم,"['پدرو رودریگز', 'هنریک میخیتاریان', ' پرز', ' کومبالا', 'جردن ورتو', 'كریس اسمالینگ', 'مانچینی ']",[],['بورخا مویا مایورال'],[],"['دیه\u200cگو پروتی', 'آلکساندر کولاروف', ' شیک', ' گئورگیرو دفرل', 'ماکسیم گونالونز']",[],"['آلساندرو فلورنزی', 'جاستین کلایورت', 'چنگیز اوندر']",[]
نقل و انتقالات اروپا ,2020-2021,اتلتیکومادرید,"['آلوارو  موراتا', 'ایوو گربیک', 'لوئیس سوارز', 'یانیک کاراسکو']",[],['لوکاس توریرا'],[],"['توماس پارتی', 'آنتونیو آدان', 'نیکلا کالینیچ']",[],"['آلوارو  موراتا', 'سانتیاگو آریاس']",[]
نقل و انتقالات اروپا ,2020-2021,آث میلان,"[' دالوت', 'آنته ربیچ', 'الکسی سلماکرز', 'پیر کالولو', 'زلاتان ابراهیموویچ', 'سیمون کیائر', 'ینس پتر هوگه']",[],"[' تونالی', 'براهیم دیاز']",[],"['جیاکومو بوناونتورا', 'په په رینا', ' پاکوئتا', 'آلن هلیلوویچ', 'آندره سیلوا', 'ریکاردو رودریگز', 'سوسو ', 'لوکاس بیلیا']",[],['دیگو لاکسالت'],[]
نقل و انتقالات اروپا ,2020-2021,آرسنال,"[' رونارسون', ' سالیبا', ' ویلیان', 'پابلو ماری', 'توماس پارتی', 'سدریک سوآرس', 'گابریل ماگالاش']",[],['دانیل سبایوس'],[],"['هنریک میخیتاریان', 'مارتینز ']",[],"['لوکاس توریرا', 'متئو گوندوزی']",[]
نقل و انتقالات اروپا ,2020-2021,اورتون,"[' آلان', ' گودفری', 'خامس رودریگز', 'عبدالله دوکوره']",[],[],[],"['ساندرو رامیرز', 'مارتین استکلنبرگ', 'مورگان اشنایدرلین', 'نیاسه ', 'جبرئیل سیدیبه']",[],"['مویزه کین', 'تئو والکات']",['جبرئیل سیدیبه']
نقل و انتقالات اروپا ,2020-2021,اینتر,"['الكسیس سانچز', ' بارلا', ' پینامونتی', ' سنسی', 'آرتور ویدال', 'آلکساندر کولاروف', 'اشرف حکیمی', 'گئورگیوس واگلانیدیس']",[],['متئو دارمیان'],[],"['مائورو ایکاردی', 'دیگو گودین', ' پینامونتی', ' کارامو', 'آنتونیو کاندروا', 'بورخا والرو']",[],"[' اسپوسیتو', ' دالبرت', ' سالسیدو مورا', 'والنتینو لازارو']",[]
نقل و انتقالات اروپا ,2020-2021,بارسلونا,"['میرالم پیانیچ', ' پدری', ' ترینکاو', 'سرجینیو دست', 'ماتئوس فرناندز']",[],[],[],"[' رافینیا', 'لوئیس سوارز', ' پرز', 'آرتور ویدال', 'آرتور ملو', ' کوئنکا', ' کوکورلا', 'آردا توران', 'ایوان راکیتیچ', 'نلسون سمدو']",[],[' تودیبو'],[]
نقل و انتقالات اروپا ,2020-2021,بایرن مونیخ,"[' روکا', 'الکساندر نوبل', 'بونا سار', 'تانگای نیانزو', 'لروی سانه', 'ماکسیم چوپو موتینگ']",[],['داگلاس کاستا'],[],"['تیاگو  آلکانترا', 'اسون اولریش', 'خاوی مارتینز']",[],[' کویسانس'],[]
نقل و انتقالات اروپا ,2020-2021,بنفیکا,['یان فرتونگن'],[],[' تودیبو'],[],['روبن دیاس'],[],[' وینسینیوس'],[]
نقل و انتقالات اروپا ,2020-2021,پاری سن ژرمن,"[' رافینیا', 'الکساندر لتیر', 'دانیلو پریرا', 'سرخیو ریکو', 'مائورو ایکاردی']",[],"['آلساندرو فلورنزی', 'مویزه کین']",[],"['تانگای نیانزو', 'ماکسیم چوپو موتینگ', 'توماس  مونیر', ' تیاگو سیلوا', 'ادینسون کاوانی']",[],['آلفونس آرئولا'],[]
نقل و انتقالات اروپا ,2020-2021,تاتنهام,"[' اسکیپ', 'پیر امیلی هویبرگ', 'جو هارت', 'جیوانی لو سلسو', 'سرجیو  رگیلون', 'مت دوئرتی']",[],"[' وینسینیوس', 'گرت بیل']",[],"['یان فرتونگن', 'میشل وورم', 'کایل واکر پترز']",[],"[' فویت', 'رایان سسنیون']",[]
نقل و انتقالات اروپا ,2020-2021,چلسی,"[' تیاگو سیلوا', ' سار', ' مندی', ' مندی', ' هاورتز', 'بنجامین چیلول', 'تیمو ورنر', 'حکیم زیاش']",[],[],[],"['ماریو پاسالیچ', 'آلوارو  موراتا', 'پدرو رودریگز', ' ویلیان', 'تیمو باکایوکو']",[],"['اتان امپادو', 'داوید زاپاکاستا', 'راس بارکلی', 'روبن لوفتوس چیک', 'میچی باتشوایی']",[]
نقل و انتقالات اروپا ,2020-2021,دورتموند,"[' بلینگهام', 'امره جان', 'توماس  مونیر']",[],['  رینیر'],[],"[' بالردی', 'آندره شورله', 'عمر توپراک', 'ماریو گوتزه']",[],[],[]
نقل و انتقالات اروپا ,2020-2021,رئال‌مادرید,['مارتین اودگارد'],[],[],[],"['خامس رودریگز', 'سرجیو  رگیلون', 'اشرف حکیمی', 'لوکا زیدان']",[],"['  رینیر', 'گرت بیل', 'بورخا مویا مایورال', 'براهیم دیاز', ' وایخو', ' کوبو']",[]
نقل و انتقالات اروپا ,2020-2021,لاتزیو,"['په په رینا', 'گونزالو اسکالانته']",[],['آندریاس پریه را'],[],['والان بریشا'],[],[],[]
نقل و انتقالات اروپا ,2020-2021,لیورپول,"[' سیمیکاس', 'تیاگو  آلکانترا', 'دیگو ژوتا']",[],[],[],"[' اجریا', 'آدام لالانا', 'اندی لورنگان', 'دژان لوورن', 'رایان بروستر', 'ناتانیل کلین', 'کی-جانا  هوئور']",[],['لوریس کاریوس'],[]
نقل و انتقالات اروپا ,2020-2021,منچسترسیتی,"[' مورنو', 'روبن دیاس', 'فران تورس', 'ناتان آکه']",[],[],[],"['داوید سیلوا', 'لروی سانه', 'فلیکس کورلا', ' آنجلینو', 'کلودیو براوو']",[],[],[]
نقل و انتقالات اروپا ,2020-2021,منچستریونایتد,"['ادینسون کاوانی', 'الکس تلس', 'دونی فن دبیک', 'دین هندرسون']",[],[],[],"['الكسیس سانچز', 'كریس اسمالینگ', ' دالوت', 'اودیون ایگالو']",[],"['آندریاس پریه را', ' چونگ']",[]
نقل و انتقالات اروپا ,2020-2021,ناپولی,"[' فارس', 'تیمو باکایوکو', 'ویکتور اوسیمن']",[],[],[],"[' آلان', 'خوزه کایخون', 'روبرتو اینگلس', 'سیمونه وردی', 'مارکو روگ']",[],[],[]
نقل و انتقالات اروپا ,2020-2021,یوونتوس,"['آرتور ملو', 'دژان کولوسفسکی', 'فلیکس کورلا', 'وستون مک کنی']",[],"[' کیه\u200cزا', 'آلوارو  موراتا']",[],"['میرالم پیانیچ', 'امره جان', ' مورنو', ' استوپا', 'بلیز ماتوئیدی', 'گونزالو ایگواین']",[],"['داگلاس کاستا', ' پالگرینی', 'دانیله روگانی', 'ماتیا دیشیلیو', 'مارکو پیاتسا']",[]
نقل و انتقالات نیم فصل لیگ برتر ,98-99,استقلال,[' امیرارسلان  مطهری'],[],[],[],"['میلاد باقری', 'مرتضی آقاخان']",[],['سجاد آقایی'],[]
نقل و انتقالات نیم فصل لیگ برتر ,98-99,پارس جنوبی جم,"['آدام همتی', 'فرید محمدی زاده ', 'میلاد باقری', 'میلاد خدایی اصل']",[],[],[],"['مهدی ترکمان', 'احسان تاییدی']",[],[],[]
نقل و انتقالات نیم فصل لیگ برتر ,98-99,پرسپولیس,['کریستین  اوساگوآنا'],[],[],[],"['آدام همتی', 'فرشاد احمدزاده', 'حسین ماهینی', 'جونیور براندائو']",[],['محمد امین اسدی'],[]
نقل و انتقالات نیم فصل لیگ برتر ,98-99,پیکان,"['آرام هایراپتیان', 'دانیال ماهینی', 'محمد ابراهیمی']",[],[],[],"['اسماعیل شریفات', 'آرمان قاسمی', 'میلاد پورصف شکن']",[],[],[]
نقل و انتقالات نیم فصل لیگ برتر ,98-99,تراکتور,"['عکاشه حمزاوی', 'میلاد فخرالدینی']",[],[],[],"['سید احمد موسوی', ' مازولا', 'کوین فورچونه', 'یوکیا سوگیتا']",[],['ابوالفضل رزاق پور'],[]
نقل و انتقالات نیم فصل لیگ برتر ,98-99,ذوب آهن,"['فرشاد  محمدی مهر', 'مهدی خلیل', 'وفا هخامنش']",[],['سجاد آقایی'],[],"[' امیرارسلان  مطهری', 'میلاد فخرالدینی', 'محمدرضا خلعتبری', 'زبیر نیک نفس', 'ابیا  بووی باکر', 'ماکالی  کریسانتوس']",[],[],[]
نقل و انتقالات نیم فصل لیگ برتر ,98-99,سایپا,"['خالد شفیعی', 'محمد اکبر منادی', 'محمدصادق بارانی', 'مرتضی آقاخان']",[],[],[],"['احمد گوهری', ' مصطفی  نائیج پور', 'امیر مهدی جانملکی', 'محمد مهری']",[],[],[]
نقل و انتقالات نیم فصل لیگ برتر ,98-99,سپاهان,"['سروش رفیعی', 'محسن الغسانی', 'مهدی ترکمان', 'محمد طیبی']",[],[],[],[],[],"['حامد بحیرایی', 'مهدی رحیمی']",[]
نقل و انتقالات نیم فصل لیگ برتر ,98-99,شاهین شهرداری‌بوشهر,"['اسماعیل شریفات', 'حامد محمودی', 'سجاد حیدری', 'سجاد مشکل پور', 'میثم دورقی']",[],['ابوالفضل رزاق پور'],[],"['محمدصادق بارانی', 'سعید کریمی', 'پیمان شیرزادی', 'ابوذر صفرزاده', 'ابوالفضل درویش وند', 'حسن پولادی', 'محمد فرخنده\u200cپی', 'مهدی چاهکوتاه زاده']",[],[],[]
نقل و انتقالات نیم فصل لیگ برتر ,98-99,شهر خودرو,"['حسن جعفری', 'روح الله سیف اللهی', 'علی طاهران', 'محمد قاضی', 'محمدرضا خلعتبری', 'میرو اسلاووف', 'میلاد سرلک']",[],[],[],"['فرشاد  محمدی مهر', 'محمد اکبر منادی', 'سروش رفیعی', 'سینا زامهران', 'یونس شاکری', 'روح الله باقری', 'رضا صدری']",[],[],[]
نقل و انتقالات نیم فصل لیگ برتر ,98-99,فولاد,"['آیاندا  پاتوسی', 'زبیر نیک نفس', 'سینا زامهران', 'فرشاد احمدزاده']",[],[],[],"['میثم دورقی', 'روح الله سیف اللهی', 'انس بنی یاسین']",[],[],[]
نقل و انتقالات نیم فصل لیگ برتر ,98-99,گل گهرسیرجان,"['احمد رضا زنده روح', 'رضا علیاری', 'سید احمد موسوی', 'میلاد  کمندانی', 'یونس شاکری']",[],[],[],"['مهدی زبیدی', 'محسن طرهانی']",[],[],[]
نقل و انتقالات نیم فصل لیگ برتر ,98-99,ماشین‌سازی‌تبریز,[],[],[],[],"['احمد رضا زنده روح', 'جفرسون  دخسوس', 'سامان نریمان جهان']",[],[],[]
نقل و انتقالات نیم فصل لیگ برتر ,98-99,نساجی مازندران,"['حسین ماهینی', 'روح الله باقری', 'سعید کریمی']",[],"['حامد بحیرایی', 'مهدی رحیمی']",[],"['حسن جعفری', 'محمد قاضی', 'میلاد سرلک', 'رضا علیاری', 'امید سینگ']",[],[],[]
نقل و انتقالات نیم فصل لیگ برتر ,98-99,نفت‌ مسجدسلیمان,"['آرمان قاسمی', 'احسان تاییدی', 'احمد گوهری', 'امید سینگ', 'محمدعلی صفیا', 'مهدی زبیدی']",[],['محمد امین اسدی'],[],"['میلاد خدایی اصل', 'محمد ابراهیمی', 'محمد طیبی', 'سوشا  مکانی', 'فرزاد حاتمی', 'فرشاد جانفزا']",[],[],[]
نقل و انتقالات اروپا ,2019-2020,آاس رم,"['آمادو دیاوارا', 'برایان کریستانته', 'پدرو لوپز', 'لئوناردو اسپینازولا']",[],"['داوید زاپاکاستا', 'كریس اسمالینگ']",[],"['کنستانتینوس مانولاس', ' پالگرینی', ' گرسون', 'استفان الشعراوی', 'دانیله ده روسی']",[],"[' گئورگیرو دفرل', 'استیون  انزونزی', 'رابین اولسن']",[]
نقل و انتقالات اروپا ,2019-2020,اتلتیکومادرید,"[' ژائو فلیکس', ' فیلیپه', ' هرموسو', 'ایوان ساپونجیچ', 'رنان لودی', 'مارکوس یورنته', 'هکتور هررا', 'کرین تریپیر']",[],[],[],"['دیگو گودین', ' رودری', 'ژلسون مارتینز', 'لوکاس هرناندز', 'آنتوان گریزمان', 'فیلیپه لوئیس', 'لوسیانو ویتو']",[],[],[]
نقل و انتقالات اروپا ,2019-2020,آث میلان,"['تئو هرناندز', ' دوارته', 'اسماعیل بن ناصر']",[],[],[],['پاتریک کوترونه'],[],[],[]
نقل و انتقالات اروپا ,2019-2020,آرسنال,"['گابریل مارتینلی', 'نیکولاس په په', 'کیه ران تیرنی', 'داوید لوئیز']",[],['دانیل سبایوس'],[],"['دیوید اوسپینا', 'آرون رمزی', 'لورن کوشیلنی', 'استفان لیش اشتاینر', 'الکس آیوبی', 'پیتر چک', 'دنی ولبک']",[],[],[]
نقل و انتقالات اروپا ,2019-2020,اینتر,"['دیگو گودین', 'والنتینو لازارو', ' سنسی', 'روملو لوکاکو', 'سالسدو مورا', 'متئو پولیتانو', 'نیکولو بارلا', 'کریستیانو بیراگی']",[],['الكسیس سانچز'],[],[' میراندا'],[],"['ایوان  پریشیچ', ' دالبرت', 'راجا ناینگولان', 'ژوآئو ماریو']",[]
نقل و انتقالات اروپا ,2019-2020,بارسلونا,"[' نتو', 'آنتوان گریزمان', 'خونیور فیرپو', 'فرانکی دی یونگ', 'میرالم پیانیچ', 'هیروکی  آبه']",[],[],[],"['آندره گومز', 'پاکو آلکاسر', 'کوین پرینس  بواتنگ', 'آرتور ملو', ' مالکوم', 'توماس فرمایلن', 'جیسون موریلو', 'دنیس سوارز هرناندز', 'یاسپر سیلسن']",[],"['فیلیپ کوتینیو', 'مارک  کوکوریا']",[]
نقل و انتقالات اروپا ,2019-2020,بایرن مونیخ,"['بنجامین پاوارد', 'لوکاس هرناندز']",[],"['ایوان  پریشیچ', 'فیلیپ کوتینیو']",[],"[' رافینیا', 'متس هوملز', 'آرین روبن', 'خامس رودریگز', 'رناتو سانچز', 'فرانک ریبری']",[],[],[]
نقل و انتقالات اروپا ,2019-2020,پاری سن ژرمن,"[' باکر', 'آندر هررا', 'ادریس گویه', 'پابلو سارابیا', 'عبدو دیالو']",[],[],[],"['آدرین رابیو', 'جیانلوئیجی بوفون', ' ان کنکو', ' دیابی', 'تیموتی وه آ', 'جیووانی لو سلسو', 'دنی آلوز']",[],[],[]
نقل و انتقالات اروپا ,2019-2020,تاتنهام,"[' اندومبله', ' اندومبله', ' کلارک', 'جیوانی لو سلسو', 'رایان سسنیون']",[],[],[],"['کرین تریپیر', 'فرناندو یورنته', 'میشل وورم']",[],[],[]
نقل و انتقالات اروپا ,2019-2020,چلسی,"['متئو کواچیچ', 'کریستین پولیسیچ']",[],[],[],"['ادن هازارد', 'داوید لوئیز', 'گری کهیل', 'گونزالو ایگواین']",[],"['داوید زاپاکاستا', 'اتان امپادو', 'دنیل درینک واتر']",[]
نقل و انتقالات اروپا ,2019-2020,دورتموند,"[' موری', 'پاکو آلکاسر', 'تورگان هازارد', 'جولیان برانت', 'متس هوملز', 'نیکو شولتز', 'نیکو شولتز']",[],[],[],"['کریستین پولیسیچ', 'عبدو دیالو', ' الکساندر ایساک']",[],[],[]
نقل و انتقالات اروپا ,2019-2020,رئال‌مادرید,"['ادن هازارد', 'لوکا یوویچ', ' رودریگو', 'ادر میلیتائو', 'فرلاند مندی']",[],[],[],"['تئو هرناندز', 'متئو کواچیچ', 'مارکوس یورنته', ' اودگارد', 'خامس رودریگز']",[],"['دانیل سبایوس', ' رگیلون', ' کوبو', 'خسوس وایخو']",[]
نقل و انتقالات اروپا ,2019-2020,لیورپول,"[' آدریان', ' الیوت', 'هری ویلسون']",[],[],[],"['آلبرتو مورنو', 'اولووازی اوجو', 'دانیل استوریج', 'دنی اینگز', 'سیمون مینیوله']",[],[],[]
نقل و انتقالات اروپا ,2019-2020,منچسترسیتی,"[' آنجلینو', ' رودری', 'خوان کانسلو', 'ناتان آکه']",[],[],[],"['فابین دلف', ' دانیلو', 'داوید سیلوا', 'ونسان کمپانی']",[],['الیاکوئیم مانگالا'],[]
نقل و انتقالات اروپا ,2019-2020,منچستریونایتد,"[' ون بیساکا', 'دنیل جیمز', 'هری مگوایر']",[],[],[],"['آندر هررا', 'روملو لوکاکو', 'آنتونیو والنسیا']",[],"['كریس اسمالینگ', 'الكسیس سانچز']",[]
نقل و انتقالات اروپا ,2019-2020,موناکو,"[' آگیلار', 'بنجامین لکومته', 'رونی لوپز', 'ژلسون مارتینز', 'وسام بن یدر']",[],[],[],['یوری تیلمانس'],[],['جبرئیل سیدیبه'],[]
نقل و انتقالات اروپا ,2019-2020,ناپولی,"['دیوید اوسپینا', ' الماس', 'الکس مرت', 'هیروینگ لوزانو', 'کنستانتینوس مانولاس']",[],[],[],"['آمادو دیاوارا', 'رائول آلبیول']",[],[],[]
نقل و انتقالات اروپا ,2019-2020,یوونتوس,"['آدرین رابیو', 'آرون رمزی', 'جیانلوئیجی بوفون', ' پالگرینی', ' دانیلو', ' دمیرال', ' رومرو', 'آرتور ملو', 'ماتیاس دلیخت']",[],[],[],"['خوان کانسلو', 'لئوناردو اسپینازولا', 'میرالم پیانیچ', 'استفانو استورارو', 'مویزه کین']",[],[],[]
نقل و انتقالات لیگ برتر ,98-99,استقلال,"['آرش رضاوند', 'حسین پورحمیدی', 'سیاوش یزدانی', 'شیخ دیاباته', 'عارف غلامی', 'علی  دشتی', 'محمد  بلبلی', 'مسعود ریگی', 'میلاد باقری', 'هروویه میلیچ', 'متین کریم زاده']",[],[],[],"['امید نورافکن', 'الهیار صیادمنش', 'امیرحسین اسماعیل زاده', 'روح الله باقری', 'سیدمهدی رحمتی', 'فرشاد  محمدی مهر', 'میثم تیموری', 'آرمین سهرابیان', 'آیاندا  پاتوسی', 'اسماعیل  گونسالوس', 'پژمان منتظری', 'خسرو حیدری', 'روزبه چشمی', 'زکریا مرادی', 'طارق همام', 'گادوین منشا', 'رضا آذری']",[],[],['رضا آذری']
نقل و انتقالات لیگ برتر ,98-99,استقلال خوزستان,['عبدالله کرمی'],[],[],[],['وحید خشتان'],[],[],[]
نقل و انتقالات لیگ برتر ,98-99,آلومینیوم اراک,['اسماعیل شریفات'],[],[],[],[],[],[],[]
نقل و انتقالات لیگ برتر ,98-99,پارس جنوبی جم,"['ابوالفضل قربانی', 'امیرحسین اسماعیل زاده', 'امیرحسین رفیعی', 'ایمان باصفا', 'پوریا آریاکیا', 'جلال عبدی', 'حامد پاکدل', 'رضا خالقی فر', 'علی عبدالله زاده', 'فرناندو ده خسوس', 'محمد ابراهیمی', 'محمد پورشاکر', 'محمود شفیعی', 'مسعود پورمحمد', 'مگنو باتیستا', 'مهدی ترکمان', 'میلاد تقیان', 'همایون افتخاری', 'کاخابر کاکاشویلی']",[],[],[],"['امیر شبانی', 'ابراهیم صالحی', 'حسین پورامینی', 'محمد ستاری', 'احمد گوهری', 'سعید محمدفر', 'مجتبی  لطفی', 'مجید علیاری', 'روح الله سیف اللهی', 'حامد نورمحمدی', 'عماد  میرجوان', 'فرزاد حاتمی', 'میثم نقی زاده', 'متین کریم زاده', 'محمد نوری', 'فریبرز گرامی', 'رضا خالقی فر', 'علی عبدالله زاده', 'محسن فروزان', 'ایمان باصفا', 'میلاد  خدایی', 'آدام همتی', 'نیما انتظاری', 'میلاد باقری']",[],[],['میلاد باقری']
نقل و انتقالات لیگ برتر ,98-99,پدیده شهرخودرو,"['سروش رفیعی', 'روح الله باقری', 'سیدمهدی رحمتی', 'علیرضا علیزاده', 'فرشاد  محمدی مهر', 'فرشاد فرجی', 'محمد اکبر منادی']",[],[],[],"['مسعود ریگی', 'یوسف بهزادی', 'عبدالله حسینی', 'مرتضی منصوری', 'محمد قاسمی\u200cنژاد', 'بهنام برزای', 'میلاد فراهانی', 'رضا ناصحی']",[],[],[]
نقل و انتقالات لیگ برتر ,98-99,پرسپولیس,"['احمدرضا احمدوند', 'امیر روستایی', 'امیرحسین بیات', 'فرشاد احمدزاده', 'محمدحسین کنعانی زادگان', 'مهدی عبدی', 'وحید امیری', 'جونیور براندائو']",[],[],['جونیور براندائو'],"['سروش رفیعی', 'شایان مصلح', 'ابوالفضل درویش وند', 'ماریو بودیمیر', 'مهدی شریفی', 'حمیدرضا  طاهرخانی ']",[],['سعید کریمی'],['حمیدرضا  طاهرخانی ']
نقل و انتقالات لیگ برتر ,98-99,پیکان,"['ابراهیم صالحی', 'احسان جودکی', 'جلال\u200c الدین علی محمدی', 'حسین پورامینی', 'محمد ستاری', 'میلاد پورصف شکن', 'میلاد شیخ سلیمانی', 'محمد نوری']",[],[],[],"['مگنو باتیستا', 'امیر روستایی', 'امیرحسین بیات', 'ابوالفضل رزاق پور', 'عیسی آل کثیر', 'سامان نریمان جهان', 'شاهین ثاقبی', 'محمد قاضی', 'آرمان قاسمی', 'حجت  صدقی', 'محمد خدابنده لو']",[],[],[]
نقل و انتقالات لیگ برتر ,98-99,تراکتور,"['ابوالفضل رزاق پور', 'رضا اسدی', 'رضا شکاری', 'سعید مهری', 'محمد رشید مظاهری', 'محمد مسلمی پور', 'محمدرضا  خانزاده', 'مهدی تیکدری', 'میثم تیموری']",['ابوالفضل رزاق پور'],[],[],"['علی عبدالله زاده', 'احسان پهلوان', 'علیرضا نقی زاده', 'محمد مسلمی پور', 'مسیح زاهدی', 'محمد طیبی', 'آنتونی استوکس', 'دوسانتوس ']",[],[],['دوسانتوس ']
نقل و انتقالات لیگ برتر ,98-99,ذوب آهن,"['ابیا  بووی باکر', 'احسان پهلوان', 'محمد مشایخ', 'یوسف بهزادی']",[],[],[],"['محمد رشید مظاهری', 'محمدرضا  حسینی', 'رحیم زهیوی', 'کریستین  اوساگوآنا']",[],[],['رحیم زهیوی']
نقل و انتقالات لیگ برتر ,98-99,سایپا,"['آرمین سهرابیان', 'احمد گوهری', 'امیر مهدی جانملکی', 'حسین فاضلی', 'سعید بیگی', 'سعید محمدفر', 'عبدالله حسینی', 'مجتبی  لطفی', 'مجید علیاری', 'محمد مهری', 'کمال الدین نیک خوی', 'حسین مالکی', 'فریبرز گرامی']",[],[],[],"['آرش رضاوند', 'علی  دشتی', 'محمد اکبر منادی', 'رضا اسدی', 'عبدالله ناصری', 'رضا علیاری', 'مهرداد کفشگری', 'سید پیمان  میری']",[],[],[]
نقل و انتقالات لیگ برتر ,98-99,سپاهان,"['امید نورافکن', 'رضا میرزایی', 'شایان مصلح', 'علیرضا نقی زاده', 'گیورگی گولسیانی', 'محمد محبی', 'محمدرضا  حسینی', 'مرتضی منصوری']",[],[],[],"['سیاوش یزدانی', 'محمد ابراهیمی', 'جلال\u200c الدین علی محمدی', 'محمد مسلمی پور', 'خالد شفیعی', 'حسن جعفری', 'رضا دهقانی', 'میلاد سرلک', 'محمد پاپی', 'بختیار رحمانی', 'مهدی امینی']",[],['محمد زینالی'],[]
نقل و انتقالات لیگ برتر ,98-99,شاهین شهرداری‌بوشهر,"['ابوالفضل درویش وند', 'پیمان شیرزادی', 'حسن حاجب', 'سلمان بحرانی', 'محمدصادق بارانی', 'دانیال ماهینی', 'رحیم زهیوی']",[],[],"['دانیال ماهینی', 'رحیم زهیوی']","['محمد مشایخ', 'سعید بیگی', 'کمال الدین نیک خوی', 'محمد محبی', 'اسماعیل شریفات', 'حسین مالکی', 'بهمن سالاری', 'ابوالفضل درویش وند', 'میثم دورقی']",['ابوالفضل رزاق پور'],[],['میثم دورقی']
نقل و انتقالات لیگ برتر ,98-99,شهر خودرو,[],[],[],[],['فرشاد فرجی'],[],[],[]
نقل و انتقالات لیگ برتر ,98-99,صنعت نفت آبادان,"['عبدالله ناصری', 'عیسی آل کثیر', 'محمد اهل شاخه', 'محمود مطلق زاده', 'ناصر سالاری', 'رضا خالقی فر', 'علی عبدالله زاده']",[],[],[],"['حامد پاکدل', 'شهاب گردان', 'فردین عابدینی']",[],[],[]
نقل و انتقالات لیگ برتر ,98-99,فولاد,"['وحید نامداری', 'احمد عبدالله زاده', 'روح الله سیف اللهی', 'شهاب گردان', 'علی اصغر عاشوری', 'محمد آبشک', 'محمد قاسمی\u200cنژاد', 'موسی کولیبالی', 'وحید حیدریه', 'محسن فروزان']",['هیثم هاشمی\u200cزاده'],[],[],"['عبدالله کرمی', 'رضا میرزایی', 'ناصر سالاری', 'مهدی زبیدی', 'بابک مرادی']",[],[],[]
نقل و انتقالات لیگ برتر ,98-99,گل گهرسیرجان,"['بهنام برزای', 'جفرسون  تاوارز داسیلوا', 'حسین پورحمیدی', 'سجاد آشوری', 'سجاد حیدری', 'عبدالله حسینی', 'فرشاد بیابانی', 'محمدعلی  فرامرزی', 'مهدی زبیدی', 'مهرداد بایرامی', 'مهرداد عبدی', 'میلاد فراهانی', 'کوین یانسن', 'یوسف وکیا']",[],['محمد زینالی'],[],"['حسین پورحمیدی', 'اصغر نصیری', 'بهمن کامل', 'حكمت فولادپور', 'حمزه مظفری', 'سجاد اژدر', 'سعید پورمهدی', 'سینا خادم پور', 'عباس پورخسروانی', 'علی امیری', 'محمدامین درویشی', 'مهرداد آوخ', 'میلاد صادقیان']",[],[],[]
نقل و انتقالات لیگ برتر ,98-99,ماشین‌سازی‌تبریز,"['بابک مرادی', 'حامد لک', 'سامان نریمان جهان', 'شاهین ثاقبی', 'عیسی کامارو', 'فردین عابدینی', 'محمد مسلمی پور', 'مسیح زاهدی', 'مهدی محمد یاری', 'کاخابر کاکاشویلی', 'ایمان باصفا', 'بهمن سالاری', 'میلاد  خدایی']",[],[],[],"['رضا خالقی فر', 'فرناندو ده خسوس', 'کاخابر کاکاشویلی', 'محمدحسین کنعانی زادگان', 'سعید مهری', 'محمد اهل شاخه', 'احسان علوان زاده', 'احمد مهدی زاده', 'توحید غلامی', 'فرشاد سالاروند', 'یوسف سیدی']",[],[],[]
نقل و انتقالات لیگ برتر ,98-99,نساجی مازندران,"['حسن جعفری', 'رضا دهقانی', 'رضا علیاری', 'مجتبی رمضانی', 'محمد قاضی', 'مهرداد کفشگری', 'میلاد سرلک']",[],[],[],"['فرشاد فرجی', 'گیورگی گولسیانی', 'احمد عبدالله زاده', 'علی اصغر عاشوری', 'محمد آبشک', 'سجاد آشوری', 'مهرداد عبدی', 'حامد لک']",[],[],[]
نقل و انتقالات لیگ برتر ,98-99,نفت‌ مسجدسلیمان,"['احمد الجبوری', 'حامد نورمحمدی', 'حمید طاهری فرد', 'سعید کریمی', 'شاهین اخوی', 'علی آل کثیر', 'عماد  میرجوان', 'فرزاد حاتمی', 'مجید عیدی', 'محمد طیبی', 'محمود مطلق زاده', 'مهدی بیات', 'میثم نقی زاده', 'وحید خشتان', 'رحمان احمدی', 'نیما انتظاری']",[],[],['رحمان احمدی'],"['علیرضا علیزاده', 'موسی کولیبالی', 'یوسف وکیا', 'محمد شادکام', 'کوروش ملکی']",['هیثم هاشمی\u200cزاده'],[],[]
نقل و انتقالات نیم فصل لیگ برتر ,97-98,استقلال,"['آیاندا  پاتوسی', 'اسماعیل  گونسالوس', 'گادوین منشا']",[],['امید نورافکن'],[],"['مارکوس نویمایر', 'جابر انصاری', 'الحاجی گرو', 'مرتضی آقاخان']",[],[],[]
نقل و انتقالات نیم فصل لیگ برتر ,97-98,استقلال خوزستان,[],[],[],[],"['یونس دلفی', 'ایمان مبعلی', 'شکیب سروری']",[],[],[]
نقل و انتقالات نیم فصل لیگ برتر ,97-98,پارس جنوبی جم,"[' ابوالفضل اعلایی ', 'حسین تارتار', 'فرزاد حاتمی', 'فریبرز گرامی', 'متین کریم زاده', 'محمدمهدی عسگری', 'کیوان امرایی']",[],[],[],"['فرشید پاداش', 'محمد شادکام', 'امیر میربزرگی', 'محسن بنگر']",[],['امیر شبانی'],[]
نقل و انتقالات نیم فصل لیگ برتر ,97-98,پدیده شهرخودرو,"['بهنام برزای', 'میلاد فراهانی']",[],[],[],"['فریبرز گرامی', 'محمد ناصری', 'محمدرضا خلعتبری', 'سعید جلالی راد']",[],[],[]
نقل و انتقالات نیم فصل لیگ برتر ,97-98,پرسپولیس,"['ماریو بودیمیر', 'محمد  نادری', 'مهدی شریفی']","['سروش رفیعی', 'مهدی ترابی', 'مهدی شیری']",[],[],"['گادوین منشا', 'احسان علوان زاده', 'احمد بهاروندی', 'شاهین عباسیان', 'مهدی عبدی']",[],['حمیدرضا  طاهرخانی '],[]
نقل و انتقالات نیم فصل لیگ برتر ,97-98,پیکان,"['جابر انصاری', 'سعید قائدی فر', 'مارکو ووکوسوویچ', 'محمد ناصری']",[],[],[],['آرفنگ دافه'],['مهدی شیری'],[],[]
نقل و انتقالات نیم فصل لیگ برتر ,97-98,تراکتور,"['اکبر ایمانی', 'ساسان انصاری', 'سید احمد موسوی', 'محمدرضا اخباری', 'کوین کنستانت']",[],[],[],"['محمدرضا  مهدی زاده', 'علیرضا حیدری', 'یوسف سیدی']",[],[],[]
نقل و انتقالات نیم فصل لیگ برتر ,97-98,ذوب آهن,"['علیرضا چراغعلی', 'علیرضا منظمی', 'محمدرضا خلعتبری', 'کریستین  اوساگوآنا']",[],[],[],"['محسن مسلمان', 'عارف غلامی', 'ادی ارناندز']",[],[],[]
نقل و انتقالات نیم فصل لیگ برتر ,97-98,سایپا,"['امید جهانبخش', 'سید پیمان  میری']",[],[],[],[],['مهدی ترابی'],[],[]
نقل و انتقالات نیم فصل لیگ برتر ,97-98,سپاهان,"['علی قربانی', 'محسن مسلمان', 'محمد ابراهیمی', 'محمد مسلمی پور', 'محمدرضا  مهدی زاده']",[],[],[],['ساسان انصاری'],[],[],[]
نقل و انتقالات نیم فصل لیگ برتر ,97-98,سپیدرود رشت,"[' کومیشوکو', 'امیر منصوریان', 'پیام صادقیان', 'حامد محمودی', 'روما چاچوا', 'لوکا  نوزادزه', 'محمد علیزاده']",[],['حمیدرضا  طاهرخانی '],[],"['میلاد قربان زاده', 'حسین کعبی', 'یعقوب کریمی']",[],[],[]
نقل و انتقالات نیم فصل لیگ برتر ,97-98,شهر خودرو,[],[],[],[],['فرشاد  محمدی مهر'],[],[],['فرشاد  محمدی مهر']
نقل و انتقالات نیم فصل لیگ برتر ,97-98,صنعت نفت آبادان,"['عزیز  سیدیکوف', 'وینیسیوس  اولیویرا فرانکو']",[],[],[],"['بهنام برزای', 'اکبر ایمانی', 'کرار جاسم']",[],[],[]
نقل و انتقالات نیم فصل لیگ برتر ,97-98,فولاد,"['آرش افشین', 'بابک مرادی', 'رافائل مسی بوولی', 'عارف غلامی']",[],[],[],"['فرشاد سالاروند', 'پیمان شیرزادی', 'نگچی لوپز', 'وینیسو سوارز تارتا']",['سروش رفیعی'],['هیثم هاشمی\u200cزاده'],[]
نقل و انتقالات نیم فصل لیگ برتر ,97-98,ماشین‌سازی‌تبریز,"['احسان تأییدی', 'احسان علوان زاده', 'علیرضا حیدری', 'فرشاد سالاروند', 'میلاد قربان زاده', 'یوسف سیدی']",[],[],[],"['سید احمد موسوی', 'توحید غلامی']",[],['پیمان  بابایی'],[]
نقل و انتقالات نیم فصل لیگ برتر ,97-98,نساجی مازندران,"['آرفنگ دافه', 'لاشا  توتادزه']",[],[],[],[' ابوالفضل اعلایی '],[],[],[]
نقل و انتقالات نیم فصل لیگ برتر ,97-98,نفت‌ مسجدسلیمان,"['فرشید پاداش', 'محمد پاپی', 'محمد شادکام', 'مهرداد طهماسبی']",[],['هیثم هاشمی\u200cزاده'],[],"['میلاد فراهانی', 'سید پیمان  میری', 'محمود قائد رحمتی']",[],[],[]
نقل و انتقالات لیگ برتر ,97-98,استقلال,"['الحاجی گرو', 'الهیار صیادمنش', 'امیرحسین اسماعیل زاده', 'روح الله باقری', 'سینا خادم پور', 'طارق همام', 'علی کریمی', 'فرشاد  محمدی مهر', 'محمد دانشگر', 'مرتضی آقاخان', 'مرتضی تبریزی', 'میثم تیموری', 'محمد  بلبلی']",[],[],[],"['سرور جپاروف', 'بهنام برزای', 'علی قربانی', 'امید ابراهیمی', 'امید نورافکن', 'بویان نایدنوف', 'عرشیا بابازاده', 'لئاندرو پادوانی', 'مامه بابا  تیام', 'مجید حسینی']",[],[],[]
نقل و انتقالات لیگ برتر ,97-98,استقلال خوزستان,"['احمد آل نعمه', 'ایمان مبعلی', 'ایوب کلانتری', 'رامین  داودی', 'عبدالله کرمی', 'فرزین گروسیان', 'فرید امیری', 'محمد خسروی گیلانی', 'مهدی نیایش پور', 'نصرالله درفشی', 'وحید حمدی نژاد']",[],[],[],"['دانیال ماهینی', 'جونیور مارینی', 'وحید شیخ ویسی', 'یعقوب کریمی', 'عقیل کعبی', 'میثم دورقی', 'فرید بهزادی کریمی', ' ابوالفضل اعلایی ', 'اسماعیل شریفات', 'حکیم نصاری', 'موسی کولیبالی', 'وحید خشتان', 'گودرز داوودی']",[],[],[]
نقل و انتقالات لیگ برتر ,97-98,پارس جنوبی جم,"['امیر میربزرگی', 'رحمان احمدی', 'عماد  میرجوان', 'فرشید پاداش', 'محسن بنگر', 'محمد ستاری', 'محمد شادکام']",[],[],[],"['فرشاد  محمدی مهر', 'میثم تیموری', 'وحید حمدی نژاد', 'محسن فروزان', 'محمد طیبی', 'علی  دشتی', 'مهدی زبیدی', 'امید سینگ', 'میثم آقایی']",[],[],[]
نقل و انتقالات لیگ برتر ,97-98,پدیده شهرخودرو,"['امیر منصوریان', 'جونیور مارینی', 'سروش رفیعی', 'فرشاد هاشمی', 'محمد آقاجانپور', 'محمد قاسمی\u200cنژاد', 'مسعود ریگی', 'یونس شاکری', 'امید ابراهیمی ']",[],[],['امید ابراهیمی '],"['محمد قاضی', 'محمدرضا  خانزاده', 'معین عباسیان', 'شهاب گردان', 'محسن یوسفی']",[],[],[]
نقل و انتقالات لیگ برتر ,97-98,پرسپولیس,"['امید عالیشاه', 'سروش رفیعی', 'مهدی ترابی', 'مهدی شریفی', 'مهدی شیری']",[],[],[],"['سروش رفیعی', 'محسن مسلمان', 'صادق محرمی', 'فرشاد احمدزاده', 'وحید امیری']",[],"['مهدی شیری', 'مهدی ترابی']",[]
نقل و انتقالات لیگ برتر ,97-98,پیکان,"['سامان نریمان جهان', 'سعید واسعی', 'علی شهسواری', 'عیسی آل کثیر', 'محمد قاضی', 'مگنو باتیستا', 'مهدی امینی', 'وحید شیخ ویسی', 'میلاد شیخ سلیمانی']",[],['مهدی شیری'],[],"['امیرحسین اسماعیل زاده', 'مرتضی آقاخان', 'رحمان احمدی', 'مهدی شیری', 'محمدصادق بارانی', 'پیام نیازمند', 'آرفنگ دافه', 'کنت  ایکه چوکو']",[],[],[]
نقل و انتقالات لیگ برتر ,97-98,تراکتور,"['آنتونی استوکس', 'احسان حاج\u200cصفی', 'اشکان دژاگه', 'ایمان سلیمی', 'رضا آقابابایی', 'علی عبدالله زاده', 'علیرضا نقی زاده', 'لی هری  اروین ', 'محسن فروزان', 'محمد طیبی', 'مسعود شجاعی', 'یوسف سیدی', 'یوکیا سوگیتا']",[],[],[],"['هادی محمدی', 'فرزین گروسیان', 'محمد ایران\u200c پوریان', 'مهدی کیانی', 'فاخر تهامی', 'عارف  آغاسی', 'فرزاد حاتمی', 'محمد  نادری', 'محمد ابراهیمی']",[],[],[]
نقل و انتقالات لیگ برتر ,97-98,ذوب آهن,"['هادی محمدی', 'ادی ارناندز', 'رضا حبیب زاده', 'زبیر نیک نفس', 'عارف غلامی', 'ماریون سیلوا فرناندز', 'مجتبی حقدوست', 'مجتبی مقتدایی', 'محسن مسلمان', 'مسعود ابراهیم زاده', 'مسعود حسن زاده']",[],[],[],"['مرتضی تبریزی', 'محمد ستاری', 'بختیار رحمانی', 'خالد شفیعی', 'کی\u200c\u200cروش  استنلی سوارز', 'اکبر ایمانی', 'گیورگی گولسیانی']",[],[],[]
نقل و انتقالات لیگ برتر ,97-98,سایپا,"['رحیم زهیوی', 'عبدالله ناصری', 'علی  دشتی', 'محمدامین حاج محمدی', 'محمدصادق بارانی', 'معین عباسیان']",[],['مهدی ترابی'],[],"['الهیار صیادمنش', 'محمد دانشگر', 'ایوب کلانتری', 'مهدی ترابی', 'محمدرضا اخباری', 'احمد مهدی زاده', 'محمدحسین کنعانی زادگان', 'حامد شیری', 'علی قلی زاده']",[],[],[]
نقل و انتقالات لیگ برتر ,97-98,سپاهان,"['بختیار رحمانی', 'پیام نیازمند', 'خالد شفیعی', 'سجاد شهباززاده', 'شهاب عادلی', 'محمد ایران\u200c پوریان', 'مهدی کیانی', 'ولادیمیر کومان', 'کی\u200c\u200cروش  استنلی سوارز']",[],[],[],"['علی کریمی', 'مهدی شریفی', 'مهدی امینی', 'عارف غلامی', 'مسعود حسن زاده', 'رضا میرزایی', 'محمود قائد رحمتی', 'ابراهیم عالمه', 'ادون حسنی', 'مروان حسین']",[],[],[]
نقل و انتقالات لیگ برتر ,97-98,سپیدرود رشت,"['علیرضا نورمحمدی', 'محسن ایران نژاد', 'محمدرضا خرسندنیا', 'مهرداد بایرامی', 'میلاد شیخ سلیمانی', 'کوروش ملکی', 'یعقوب کریمی']",[],[],[],"['عماد  میرجوان', 'محمد  بلبلی', 'توحید غلامی', 'کوروش ملکی']",[],[],['کوروش ملکی']
نقل و انتقالات لیگ برتر ,97-98,صنعت نفت آبادان,"[' پلاتینی', 'احمد عبدالله زاده', 'اکبر ایمانی', 'بهنام برزای', 'سیروان قربانی', 'شهاب گردان', 'عقیل کعبی', 'فاخر تهامی', 'فردین عابدینی', 'مصطفی احمدی', 'وفا هخامنش']",[],[],[],"['داود نوشی صوفیانی', 'محمد شادکام', 'مگنو باتیستا', 'علی عبدالله زاده', 'زبیر نیک نفس', 'مسعود ابراهیم زاده', 'لوسیانو پریرا', 'احمد عبدالله زاده', 'سوشا  مکانی', 'مرتضی اسدی']",[],[],[]
نقل و انتقالات لیگ برتر ,97-98,فولاد,"['رضا میرزایی', 'عارف  آغاسی', 'لوسیانو پریرا', 'محمد  بلبلی', 'محمد  بلبلی', 'مهدی زبیدی', 'میثم دورقی', 'ناصر سالاری', 'نگچی لوپز', 'وحید نامداری', 'وینیسو سوارز تارتا']",[],['سروش رفیعی'],[],"['ایمان مبعلی', 'عبدالله کرمی', 'مجتبی حقدوست', 'رحیم زهیوی', 'عبدالله ناصری', 'احمد عبدالله زاده', 'محمد اهل شاخه', 'حامد لک', 'یوسف وکیا', 'علی اصغر عاشوری']",[],[],[]
نقل و انتقالات لیگ برتر ,97-98,گل گهرسیرجان,"['حسین پورحمیدی', 'مهرداد بایرامی']",[],[],[],[],[],[],[]
نقل و انتقالات لیگ برتر ,97-98,ماشین‌سازی‌تبریز,"['احمد مهدی زاده', 'توحید غلامی', 'سعید مهری', 'فرید بهزادی کریمی', 'مجید قشقایی', 'محسن یوسفی', 'محمد اهل شاخه', 'محمدحسین کنعانی زادگان', 'مکسی میلین فرانسیسکو ', 'هری  فورستر', 'مهدی محمد یاری']",[],[],[],"['سامان نریمان جهان', 'علیرضا نقی زاده', 'یوسف سیدی', 'کوروش ملکی', 'احمد رضا زنده روح', 'علیرضا ارجمندیان', 'میثم جودکی']",[],[],[]
نقل و انتقالات لیگ برتر ,97-98,نساجی مازندران,"[' ابوالفضل اعلایی ', 'احمد عبدالله زاده', 'احمد نعیمی', 'امید سینگ', 'حامد شیری', 'حامد لک', 'حمیدرضا دیوسالار', 'سجاد آشوری', 'شاهین مجیدی', 'فرشاد فرجی', 'گیورگی گولسیانی', 'محسن آقایی', 'محمد آبشک', 'محمدمهدی نظری', 'میرزازاد ', 'مجتبی رمضانی']",[],[],[],[],[],[],[]
نقل و انتقالات لیگ برتر ,97-98,نفت‌ مسجدسلیمان,"['اسماعیل شریفات', 'حکیم نصاری', 'علیرضا علیزاده', 'محمود قائد رحمتی', 'موسی کولیبالی', 'میثم آقایی', 'میلاد فراهانی', 'یوسف وکیا', 'وحید خشتان']",[],[],[],['محمد خسروی گیلانی'],[],[],[]
نقل و انتقالات اروپا ,2019-2018,آاس رم,"[' شیک', 'استیون  انزونزی', 'ایوان مارکانو', 'برایان کریستانته', 'جاستین کلایورت', 'خاویر پاستوره', 'دیوید سانتون', 'رابین اولسن', 'گرگوری دیفرل', 'نیکولو زانیولو']",[],[],[],"['آلیسون بکر', 'راجا ناینگولان', ' گئورگیرو دفرل', 'برونو پرز', 'خوان مانوئل ایتوربه', 'کوین استروتمن']",[],['ماکسیم گونالونز'],[]
نقل و انتقالات اروپا ,2019-2018,اتلتیکومادرید,"[' رودری', 'آنتونیو آدان', 'توماس لمار', 'ژلسون مارتینز', 'سانتیاگو آریاس', 'نیکلا کالینیچ']",[],[],[],"['شیمه ورسالیکو', 'دیگو ژوتا', 'کوین  گامیرو']",[],['لوسیانو ویتو'],[]
نقل و انتقالات اروپا ,2019-2018,آث میلان,"['آلن هلیلوویچ', 'ایوان استرینیچ', 'په په رینا', 'دیگو لاکسالت', 'سامو کاستیخو', 'گونزالو ایگواین', 'متیا کالدارا', 'راد کرونیچ']",[],['تیمو باکایوکو'],[],"['نیکلا کالینیچ', 'لئوناردو بونوچی', 'جیانلوکا  لاپادولا']",[],"['آندره سیلوا', 'مانوئل لوکاتلی']",[]
نقل و انتقالات اروپا ,2019-2018,آرسنال,"['استفان لیش اشتاینر', 'برند لنو', 'سوکراتیس پاپاستاتوپولوس', 'لوکاس توریرا', 'متئو گوندوزی']",[],[],[],"['پر مرته ساکر', 'جوئل کمپل', 'جک ویلشر', 'سانتی کازورلا', 'لوکاس پرز', 'کالوم چمبرز']",[],"['دیوید اوسپینا', ' نلسون']",[]
نقل و انتقالات اروپا ,2019-2018,امپولی,[],[],[],[],['راد کرونیچ'],[],[],[]
نقل و انتقالات اروپا ,2019-2018,اینتر,"[' لاتارو  مارتینز', 'استفان دیفری', 'راجا ناینگولان', 'شیمه ورسالیکو', 'متئو پولیتانو', 'کوآدوو آساموآ', ' رادو', 'سالسدو مورا', 'متئو پولیتانو', 'نیکولو بارلا']",[],['بالده کیتا'],[],"[' رافینیا', 'جفری کوندوگبیا', 'دیوید سانتون', 'نیکولو زانیولو', ' ادر', ' میراندا']",[],[' کارامو'],[]
نقل و انتقالات اروپا ,2019-2018,بارسلونا,"[' رافینیا', ' مالکوم', 'آرتور ملو', 'آرتورو ویدال', 'مرالیم پیانیچ', 'کلمنت لنگلت']",[],[],[],"['دنیس سوارز هرناندز', 'پاکو آلکاسر', ' پائولینیو', 'آلکس ویدال', 'آندرس اینیستا', 'لوکاس دینیه', 'مونیر الحدادی', 'یری مینا']",[],"[' مارلون', 'آندره گومز']",[]
نقل و انتقالات اروپا ,2019-2018,بایرن مونیخ,"['آلفونسو  دیویس', 'لئون گورتزکا']",[],[],[],"['آرتورو ویدال', 'داگلاس کاستا', 'خوان برنات', 'سباستین رودی']",[],[],[]
نقل و انتقالات اروپا ,2019-2018,پاری سن ژرمن,"['تیلو کرر', 'جیانلوئیجی بوفون', 'خوان برنات', 'ماکسیم چوپو موتینگ', 'کیلیان ام باپه']",[],[],[],"['کلودیو  گومز', 'خاویر پاستوره', 'گریگوری کریچوویاک', 'گونسالو گوئدس', 'یوری برچیچ']",[],"['جیوانی لو سلسو', 'کوین تراپ']",[]
نقل و انتقالات اروپا ,2019-2018,چلسی,"[' جورجینیو', 'رابرت گرین', 'کپا آریزابالا']",[],['متئو کواچیچ'],[],['تیبو کورتوآ'],[],"['تیمو باکایوکو', 'تامی آبراهام', 'میچی باتشوایی', 'کورت زوما']",[]
نقل و انتقالات اروپا ,2019-2018,دورتموند,"['اشرف حکیمی', 'اکسل ویتسل', 'پاکو آلکاسر']",[],[],[],"['سوکراتیس پاپاستاتوپولوس', 'آندره شورله', 'نوری شاهین']",[],[],[]
نقل و انتقالات اروپا ,2019-2018,رئال‌مادرید,"[' لانین', 'آلوارو اودریوزولا', 'تیبو کورتوآ', 'وینیسیوس جونیور ']",[],[],[],"['اشرف حکیمی', 'کریستیانو رونالدو', 'فابیو کوئنترائو']",[],"['متئو کواچیچ', 'تئو هرناندز', ' لانین', 'بورخا مایورال مویا', 'مارتین اودگارد']",[]
نقل و انتقالات اروپا ,2019-2018,لیورپول,"[' فابینیو', 'آلیسون بکر', 'ژردان شقیری', 'نبی کیتا']",[],[],[],"['دنی وارد', 'امره جان', 'جان فلاناگان', 'دنی اینگز', 'رانار کلاوان', 'لازار مارکوویچ']",[],"['اولووازی اوجو', 'لوریس کاریوس', 'مارکو گروییچ']",[]
نقل و انتقالات اروپا ,2019-2018,منچسترسیتی,"['دنیل ارزانی', 'ریاض  محرز', 'کلودیو  گومز']",[],[],[],"['جیسون دنایر', 'یحیی توره']",[],"['پاتریک روبرتز', 'دنیل ارزانی']",[]
نقل و انتقالات اروپا ,2019-2018,منچستریونایتد,"[' دالوت', ' فرد', 'لی گرانت']",[],[],[],"['تیموتی فوسو منسا', 'دالی بلیند', 'مایکل کریک']",[],[],[]
نقل و انتقالات اروپا ,2019-2018,موناکو,"['آلکساندر گولووین', 'ناصر چادلی']",[],[],[],"[' فابینیو', 'توماس لمار', 'کیلیان ام باپه', 'رشید غزال']",[],['بالده کیتا'],[]
نقل و انتقالات اروپا ,2019-2018,ناپولی,"['سیمونه وردی', 'فابین رویز']",[],['دیوید اوسپینا'],[],"[' جورجینیو', 'په په رینا', 'دوان زاپاتا', 'کریستیان ماجیو']",[],[],[]
نقل و انتقالات اروپا ,2019-2018,یوونتوس,"['آندره\u200cآ فاویلی', 'امره جان', 'خوان کانسلو', 'داگلاس کاستا', 'لئوناردو بونوچی', 'متیا پرین', 'کریستیانو رونالدو']",[],[],[],"['استفان لیش اشتاینر', 'مرالیم پیانیچ', 'گونزالو ایگواین', 'متیا کالدارا', 'کوآدوو آساموآ', 'جیانلوئیجی بوفون', 'بندیکت هوودس', 'توماس رینکون', 'مارکو پیاتسا', 'کلودیو مارکیزیو']",[],[],[]
نقل و انتقالات نیم فصل لیگ برتر ,96-97,استقلال,"['بهنام برزای', 'محسن کریمی']",[],[],[],"['یعقوب کریمی', 'سجاد شهباززاده', 'حسن بیت سعید', 'عبدالعظیم  گوگ', 'مجتبی جباری']",[],[],[]
نقل و انتقالات نیم فصل لیگ برتر ,96-97,استقلال خوزستان,"['اسماعیل شریفات', 'دانیال ماهینی', 'عادل کلاه کج', 'محمد آرام طبع', 'محمد شریفی', 'مسلم معاوی', 'ناصر قلاوند', 'یعقوب کریمی']",[],[],[],"['حسین  بهرامی ', 'محمدعلی  فرامرزی', 'طالب ریکانی', 'حسین صادقی', 'رضا  کرملاچعب', 'رضا مرادی', 'سابا تاوادزه', 'سجاد بالغ', 'وحید عسگرپور']",[],[],[]
نقل و انتقالات نیم فصل لیگ برتر ,96-97,پارس جنوبی جم,"['روح الله سیف اللهی', 'شهرام گودرزی', 'محمد طیبی', 'محمد نوری', 'مصطفی قنبری\u200cزاده', 'میثم آقایی', 'کیوان امرایی']",[],[],[],"['آلویس نانگ', 'فرشاد سالاروند', ' امیرارسلان  مطهری', 'احسان اسدزاده', 'مایکل اومانا']",[],[],[]
نقل و انتقالات نیم فصل لیگ برتر ,96-97,پدیده شهرخودرو,"['حسین فاضلی', 'سعید صادقی']",[],[],[],['اکبر ایمانی'],[],[],[]
نقل و انتقالات نیم فصل لیگ برتر ,96-97,پرسپولیس,[],[],[],[],['مهدی طارمی'],[],[],[]
نقل و انتقالات نیم فصل لیگ برتر ,96-97,پیکان,"['پوریا آریاکیا', 'سجاد مشکل پور', 'شاهین ثاقبی']",[],[],[],"['سعید صادقی', 'بختیار رحمانی']",[],[],[]
نقل و انتقالات نیم فصل لیگ برتر ,96-97,تراکتور,"['امید عالیشاه', 'ژوردی مارتینز آلمیدا', 'قائم اسلامی خواه', ' امیرارسلان  مطهری', 'احسان پهلوان', 'دانیال اسماعیلی فر', 'رضا  شربتی', 'مهدی مهدی پور']",[],[],[],"['شهرام گودرزی', 'محمد نوری', 'مهدی شریفی', 'امیر  نصر آزادانی\u202c\u200e', 'هادی محمدی']",[],[],[]
نقل و انتقالات نیم فصل لیگ برتر ,96-97,ذوب آهن,"['اکبر ایمانی', 'بختیار رحمانی', 'حسن کریمی', 'خالد شفیعی', 'محمد حسین مهران\u200cفر', 'میلاد فخرالدینی']",[],[],[],"['اسماعیل شریفات', 'احسان پهلوان', 'دانیال اسماعیلی فر', 'مهدی مهدی پور', 'سیدایمان موسوی', 'علی حمام']",[],[],[]
نقل و انتقالات نیم فصل لیگ برتر ,96-97,سایپا,"['آرمان رمضانی', 'آلویس نانگ', 'مهرداد کفشگری', 'امید جهانبخش']",[],[],[],"['دانیال ماهینی', 'محمد شریفی', 'امین جوادی مقدم', 'علی آستانی', 'محمد عباس زاده']",[],[],[]
نقل و انتقالات نیم فصل لیگ برتر ,96-97,سپاهان,"['ابراهیم عالمه', 'ادون حسنی', 'مهدی شریفی']",[],[],[],"['ناصر قلاوند', 'حسین فاضلی', 'شاهین ثاقبی', 'امین جهان عالیان', 'رافائل اسچولر', 'ژایرو  رودریگز', 'لیی اولیویرا', 'مهدی علی مرادی']",[],[],[]
نقل و انتقالات نیم فصل لیگ برتر ,96-97,سپیدرود رشت,"['امین جوادی مقدم', 'علیرضا نورمحمدی', 'محمد غلامی', 'محمدرضا مهدوی']",[],[],[],"['احمد آهی', 'شهاب کرمی', 'غلامرضا رضایی']",[],[],[]
نقل و انتقالات نیم فصل لیگ برتر ,96-97,سیاه جامگان,"['حسین  بهرامی ', 'حنیف عمران زاده', 'فرزاد زامهران', 'قاسم دهنوی', 'محمدعلی  فرامرزی', 'نیکولوزی سابانادز']",[],[],[],"['روح الله سیف اللهی', 'رضا  شربتی', 'بهتاش میثاقیان', 'محمدرضا خرسندنیا', 'کریم احمدی']",[],[],[]
نقل و انتقالات نیم فصل لیگ برتر ,96-97,صنعت نفت آبادان,"['حامد پاکدل', 'رضا یزدان دوست ', 'سعید لطفی', 'سوشا  مکانی', 'طالب ریکانی']",[],[],[],"['عزیز معبودی', 'محسن حمیدی', 'ناصر سالاری']",[],[],[]
نقل و انتقالات نیم فصل لیگ برتر ,96-97,فولاد,"['حسن بیت سعید', 'فرشاد سالاروند', 'مجتبی حقدوست']",[],[],[],"['حمید گلزاری', 'محمدرضا  شیرزادی']",[],[],[]
نقل و انتقالات نیم فصل لیگ برتر ,96-97,گسترش فولاد,"['عزیز معبودی', 'میلاد زنیدپور']",[],[],[],"['میلاد فخرالدینی', 'دراگان  ژارکوویچ', 'هادی کاخا']",[],[],[]
نقل و انتقالات نیم فصل لیگ برتر ,96-97,نفت تهران,[],[],[],[],['مجتبی حقدوست'],[],[],[]
نقل و انتقالات لیگ برتر ,96-97,استقلال,"['آرمین سهرابیان', 'امیرحسین شیخ الاسلامی', 'پژمان منتظری', 'حسن بیت سعید', 'حسین حیدری', 'داریوش  شجاعیان', 'روزبه چشمی', 'سجاد آقایی', 'سجاد شهباززاده', 'سرور جپاروف', 'فردین نجفی', 'مجتبی جباری', 'محمد جواد محمدی', 'مهدی قایدی']",[],[],[],"['میعاد یزدانی', 'بهنام برزای', 'علیرضا سیار', 'هرائر مگوییان', 'کاوه رضایی']",[],[],[]
نقل و انتقالات لیگ برتر ,96-97,استقلال خوزستان,"['حجت اسلامی', 'حسین صادقی', 'حکیم نصاری', 'رضا  کرملاچعب', 'رضا مرادی', 'سعید زارع ', 'طالب ریکانی', 'عباس بوعذار', 'علیرضا زندوی', 'محمدعلی  فرامرزی', 'مهرداد  پورابوالقاسم ', 'موسی کولیبالی', 'میثم دورقی', 'وحید عسگرپور']",[],[],[],"['حسن بیت سعید', 'آلویس نانگ', 'فرشاد سالاروند', 'محمد طیبی', 'مهدی زبیدی', 'مهدی مومنی', 'دانیال ماهینی', 'محمد شریفی', 'پیمان شیرزادی', 'علی اصغر عاشوری', 'فرزاد جعفری', 'فرشاد جانفزا', 'باقر هاشمی', 'علی دغاغله', 'مصطفی ماهی']",[],[],[]
نقل و انتقالات لیگ برتر ,96-97,پارس جنوبی جم,"[' امیرارسلان  مطهری', 'آلویس نانگ', 'ابراهیم صالحی', 'احسان اسدزادی', 'احمد گوهری', 'ایمان سلیمی', 'فرشاد سالاروند', 'مجید علیاری', 'محسن فروزان', 'مهدی زبیدی', 'مهدی عبدی', 'میثم نقی زاده', 'واحد بخشی', 'وحید حمدی نژاد']",[],[],[],"['داود نوشی صوفیانی', 'محمود خمیسی']",[],[],[]
نقل و انتقالات لیگ برتر ,96-97,پدیده شهرخودرو,"['امین قاسمی نژاد', 'اکبر صادقی', 'بابک حاتمی', 'محمد قاضی', 'محمد مهدی مهدی خانی', 'محمدرضا  خانزاده', 'محمدرضا خلعتبری', 'یونس شاکری']",[],[],[],"['فرزاد زامهران', 'محمدعلی  فرامرزی', 'حسن جعفری', 'کریم احمدی', 'یونس شاکری', 'حسین زامهران', 'مجتبی روشنگر']",[],[],[]
نقل و انتقالات لیگ برتر ,96-97,پرسپولیس,"['آیدین رضایی', 'احسان حسینی', 'احمد نورالهی', 'بشار رسن', 'سعید حسین پور', 'سیامک نعمتی', 'شاهین عباسیان', 'شایان مصلح', 'شجاع خلیل زاده', 'گادوین منشا', 'محمد امین اسدی']",[],[],[],"['رضا  کرملاچعب', 'سامان نریمان جهان', 'حامد آقایی', 'رامین رضائیان', 'سروش رفیعی', 'شهاب کرمی', 'محمد آرام طبع']",[],[],[]
نقل و انتقالات لیگ برتر ,96-97,پیکان,"['بختیار رحمانی', 'حجت حق وردی', 'سعید صادقی', 'مهدی مومنی', 'عیسی آل کثیر']",[],[],[],"['سیامک نعمتی', 'گادوین منشا', 'سیاوش یزدانی', 'شهریار مغانلو']",[],[],[]
نقل و انتقالات لیگ برتر ,96-97,تراکتور,[],[],[],[],"['احمد نورالهی', 'محمدرضا اخباری', 'سعید آقایی', 'کرار جاسم', 'هاشم بیگ زاده']",[],[],[]
نقل و انتقالات لیگ برتر ,96-97,ذوب آهن,"['اسماعیل شریفات', 'حمید بوحمدان', 'سیدایمان موسوی', 'محمد باقر صادقی', 'رضا حبیب زاده']",[],[],[],"['حجت حق وردی', 'مهرداد قنبری', 'جری بنگستون ']",[],[],[]
نقل و انتقالات لیگ برتر ,96-97,سایپا,"['آرش رضاوند', 'دانیال ماهینی', 'رضا اسدی', 'رضا علیاری', 'طاها شریعتی', 'محمد دانشگر', 'محمد شریفی', 'محمد عباس زاده', 'محمدحسین کنعانی زادگان', 'محمدرضا اخباری']",[],[],[],"['محمدرضا خلعتبری', 'عزت اله پورقاز', 'غلامرضا رضایی', 'حامد لک', 'علی زینالی']",[],[],[]
نقل و انتقالات لیگ برتر ,96-97,سپاهان,"['حسن جعفری', 'رافائل  کریولارو', 'ژایرو  رودریگز', 'ساسان انصاری', 'سعید آقایی', 'سیاوش یزدانی', 'شاهین ثاقبی', 'عزت اله پورقاز', 'علی کریمی', 'مروان حسین', 'شهاب عادلی']",[],[],[],"['سرور جپاروف', 'طالب ریکانی', 'موسی کولیبالی', 'شجاع خلیل زاده', 'احسان حاج\u200cصفی', 'جلال عبدی', 'محمد روشندل']",[],[],[]
نقل و انتقالات لیگ برتر ,96-97,سپیدرود رشت,"['احمد آهی', 'امید سام کن', 'ایمان صادقی', 'توحید غلامی', 'حسین ابراهیمی', 'علی  دهقان', 'عماد  میرجوان', 'غلامرضا رضایی', 'مهرداد جماعتی', 'میعاد یزدانی']",[],[],[],['شایان مصلح'],[],[],[]
نقل و انتقالات لیگ برتر ,96-97,سیاه جامگان,"['امیرحسین  صالحی', 'بهتاش میثاقیان', 'حمیدرضا علی عسگری', 'دانیال موسوی', 'سبحان  خاقانی', 'سجاد  دانای باغکی', 'سهیل صالحی', 'مجید  کیانی', 'محمد بائوج رضایی', 'محمد حسین  عین افشار', 'محمدرضا خرسندنیا', 'محمدمهدی عسگری', 'میرهانی هاشمی', 'کریم احمدی', 'کیوان امرایی', 'یوری چولاک', 'یونس شاکری']",[],[],[],"['محمدرضا  خانزاده', 'میلاد میداوودی', 'حسین بهرامی']",[],[],[]
نقل و انتقالات لیگ برتر ,96-97,صبای قم,[],[],[],[],"['مجید علیاری', 'محسن فروزان', 'محمد باقر صادقی', 'محمد بائوج رضایی', 'میرهانی هاشمی', 'کیوان امرایی', 'امید جهانبخش', 'رضا عنایتی']",[],[],[]
نقل و انتقالات لیگ برتر ,96-97,صنعت نفت آبادان,"['آگوستو سزار', 'امید جهانبخش', 'امین پورعلی', 'داود نوشی صوفیانی', 'لوسیانو پریرا', 'محسن حمیدی', 'مرتضی اسدی', 'مسعود ابراهیم زاده', 'مگنو باتیستا', 'وحید اسماعیل بیگی', 'کرار جاسم', 'مصطفی احمدی']",[],[],[],"['حکیم نصاری', 'فرید بهزادی کریمی', 'امیر  زلیکائی', 'امید جهانبخش', 'عقیل اعتمادی']",[],[],[]
نقل و انتقالات لیگ برتر ,96-97,فولاد,"['آرمان رمضانی', 'امیر  زلیکائی', 'ایمان مبعلی', 'پیمان شیرزادی', 'حامد لک', 'حسین غریبی', 'حمید گلزاری', 'رحیم زهیوی', 'رضا دهقانی', 'علی اصغر عاشوری', 'فرزاد جعفری', 'فرشاد جانفزا']",[],[],[],"['میثم دورقی', 'بختیار رحمانی', 'اسماعیل شریفات', 'حمید بوحمدان', 'ساسان انصاری', 'مهرداد جماعتی', 'ماتیاس چاگو', 'مهرداد طهماسبی', 'وحید طالب لو']",[],[],[]
نقل و انتقالات لیگ برتر ,96-97,گسترش فولاد,"['آندرانیک تیموریان', 'احمد رضا زنده روح', 'ادسون هنریکه', 'امید جهانبخش', 'دراگان  ژارکوویچ', 'سامان نریمان جهان', 'سید محسن حسینی', 'علی فتحیان', 'مسیح زاهدی', 'مهرداد قنبری', 'میلاد فخرالدینی', 'هادی کاخا']",[],[],[],"['داریوش  شجاعیان', 'بابک حاتمی', 'محمدرضا خرسندنیا', 'لوسیانو پریرا', 'محسن حمیدی', 'مرتضی اسدی', 'مسعود ابراهیم زاده', 'مگنو باتیستا', 'محمد نصرتی', 'مصطفی اکرامی']",[],[],[]
نقل و انتقالات لیگ برتر ,96-97,ماشین‌سازی‌تبریز,['فرزاد زامهران'],[],[],[],"['امین قاسمی نژاد', 'پیام صادقیان', 'حسین ابراهیمی', 'حمیدرضا علی عسگری', 'ادسون هنریکه', 'محمدامین حاج محمدی', 'هادی کاخا', 'عزیز ابراهیموف']",[],[],[]
نقل و انتقالات لیگ برتر ,96-97,نساجی مازندران,['محسن آقایی'],[],[],[],[],[],[],[]
نقل و انتقالات لیگ برتر ,96-97,نفت تهران,"['امیرحسین فشنگچی', 'امین  منوچهری', 'حامد آقایی', 'سامان آقازمانی', 'علی زینالی', 'محسن بنگر', 'محمد حسین  نائیجی', 'محمد نصرتی', 'مهدی دغاغله', 'هاشم بیگ زاده']",[],[],[],"['سجاد شهباززاده', 'عباس بوعذار', ' امیرارسلان  مطهری', 'وحید حمدی نژاد', 'اکبر صادقی', 'محمد قاضی', 'آرش رضاوند', 'رضا اسدی', 'رضا علیاری', 'محمد دانشگر', 'توحید غلامی', 'ایمان مبعلی', 'آندرانیک تیموریان', 'میلاد فخرالدینی', 'فرید محمدی زاده ', 'ایگور پراهیچ', 'علیرضا عزت کرامت']",[],[],[]
نقل و انتقالات لیگ برتر ,96-97,نفت‌ مسجدسلیمان,['میلاد فراهانی'],[],[],[],[],[],[],[]
نقل و انتقالات نیم فصل لیگ برتر ,95-96,استقلال,[],[],[],[],"['میثم مجیدی', 'آرش افشین', 'بختیار رحمانی', 'محمدامین حاج محمدی']",[],[],[]
نقل و انتقالات نیم فصل لیگ برتر ,95-96,استقلال خوزستان,"['آرش افشین', 'آلویس نانگ', 'ابوالفضل محمدحسنی', 'پیمان حشمتی', 'فرزاد جعفری', 'مصطفی ماهی']",[],[],[],"['عزت اله پورقاز', 'جلال عبدی', 'میثم دورقی', 'رحیم زهیوی']",[],[],[]
نقل و انتقالات نیم فصل لیگ برتر ,95-96,پدیده شهرخودرو,"['اکبر ایمانی', 'اکبر ایمانی', 'دیوید ویکروم']",[],[],[],['محمدرضا خرسندنیا'],[],[],[]
نقل و انتقالات نیم فصل لیگ برتر ,95-96,پرسپولیس,"['سامان نریمان جهان', 'سروش رفیعی', 'شهاب کرمی']",[],[],[],"['احمد نورالهی', 'امید عالیشاه', 'شهاب زاهدی', 'محمد  رحمتی']",[],[],[]
نقل و انتقالات نیم فصل لیگ برتر ,95-96,پیکان,"['جرمى  مانزورو', 'فیصل شایسته']",[],[],[],"['بهادر عبدی', 'آرش برهانی']",[],[],[]
نقل و انتقالات نیم فصل لیگ برتر ,95-96,تراکتور,"['احمد نورالهی', 'امید عالیشاه', 'هاشم بیگ زاده']",[],[],[],"['سروش رفیعی', 'علیرضا رمضانی']",[],[],[]
نقل و انتقالات نیم فصل لیگ برتر ,95-96,ذوب آهن,['ربیع عطایا'],[],[],[],[],[],[],[]
نقل و انتقالات نیم فصل لیگ برتر ,95-96,سایپا,"['ایوب کلانتری', 'حامد لک', 'عزت اله پورقاز', 'فرشاد فرجی', 'محمدرضا خلعتبری', 'محمدرضا سلیمانی']",[],[],[],"['مسعود حسن زاده', 'رینالدو زاکاریاس', 'مهدی بدرلو']",[],[],[]
نقل و انتقالات نیم فصل لیگ برتر ,95-96,سپاهان,"['جلال عبدی', 'سرور جپاروف', 'مسعود حسن زاده']",[],[],[],"['سعید قائدی فر', 'پدرو هنریکه ', 'عماد  میرجوان']",[],[],[]
نقل و انتقالات نیم فصل لیگ برتر ,95-96,سیاه جامگان,"['حسین کیانی', 'سالار افراسیابی', 'علیرضا جلیلی', 'گوران یرکوویچ', 'محسن آذرپاد', 'مسعود همامی', 'میلاد میداوودی']",[],[],[],"['علیرضا نورمحمدی', 'حمیدرضا علی عسگری', 'ایوب کلانتری']",[],[],[]
نقل و انتقالات نیم فصل لیگ برتر ,95-96,صبای قم,"['امید نظامی پور', 'حنیف عمران زاده', 'علیرضا رمضانی', 'محسن فروزان', 'مهرداد بایرامی', 'میثم مجیدی']",[],[],[],"['هاشم بیگ زاده', 'پویا سیف پناهی', 'حامد لک', 'مسعود حق جو', 'وحید علی آبادی', 'کریم اسلامی']",[],[],[]
نقل و انتقالات نیم فصل لیگ برتر ,95-96,صنعت نفت آبادان,"['بهادر عبدی', 'عزیز معبودی', 'علیرضا نورمحمدی']",[],[],[],"['فرشاد فرجی', 'حسن هوری']",[],[],[]
نقل و انتقالات نیم فصل لیگ برتر ,95-96,فولاد,"['بختیار رحمانی', 'میثم دورقی']",[],[],[],"['اکبر ایمانی', 'مهرداد جماعتی']",[],[],[]
نقل و انتقالات نیم فصل لیگ برتر ,95-96,گسترش فولاد,"['بهرام احمدی', 'محمد اوسانی', 'محمد نصرتی', 'محمدرضا خرسندنیا']",[],[],[],"['محمدرضا خلعتبری', 'محسن حمیدی', 'مهران فرضیات']",[],[],[]
نقل و انتقالات نیم فصل لیگ برتر ,95-96,ماشین‌سازی‌تبریز,"['حسین ابراهیمی', 'حمیدرضا علی عسگری', 'سعید قائدی فر', 'شهاب زاهدی', 'عزیز ابراهیموف', 'فردین عابدینی', 'محمد  رحمتی']",[],[],[],"['سامان نریمان جهان', 'مهرداد بایرامی', 'بهرام احمدی', 'محمد نصرتی', 'آندرانیک تیموریان', 'مانوئل فرناندز ']",[],[],['مانوئل فرناندز ']
نقل و انتقالات نیم فصل لیگ برتر ,95-96,نفت تهران,['آندرانیک تیموریان'],[],[],[],[],[],[],[]
نقل و انتقالات لیگ برتر ,95-96,استقلال,"['آرش افشین', 'بختیار رحمانی', 'حسین حسینی', 'رابسون  جان آریو دی پائولا', 'علی قربانی', 'لئاندرو پادوانی', 'محمدحسین کنعانی زادگان', 'میعاد یزدانی', 'میلاد زکی پور', 'وریا غفوری', 'کاوه رضایی', 'فرشید باقری']",[],[],[],"['مهدی مومنی', 'محمدرضا خرسندنیا', 'آرش برهانی', 'علیرضا رمضانی', 'میلاد شعبانلو', 'وحید طالب لو', 'میلاد فخرالدینی', 'پروپجیچ ', 'حنیف عمران زاده', 'سجاد شهباززاده', 'عادل شیحی']",[],[],[]
نقل و انتقالات لیگ برتر ,95-96,استقلال اهواز,[],[],[],[],"['حمزه خذیراوی', 'طالب ریکانی', 'علی هلیچی', 'حسین ساکی', 'احسان مرادیان', 'میلاد پاک پرور', 'عادل کلاه کج']",[],[],[]
نقل و انتقالات لیگ برتر ,95-96,استقلال خوزستان,"[' ابوالفضل اعلایی ', 'حسین  بازیاری', 'حسین  بهرام وند', 'ده سوزا کایون', 'سلمان بحرانی', 'سیلوا  ساکونی ', 'عزت اله پورقاز', 'محمد شریفی', 'مهدی مومنی', 'وحید شیخ ویسی']",[],[],[],"['روح الله سیف اللهی', 'حکیم نصاری', 'ادواردو سوارز', 'امید سینگ', 'حمدالله ابدام', 'عبدالهادی خنیفر', 'موسی کولیبالی', 'فرناندو ده خسوس']",[],[],[]
نقل و انتقالات لیگ برتر ,95-96,پدیده شهرخودرو,"['آرزداد هارویان', 'حمزه خذیراوی', 'دریسا  دیاراسوبا', 'شهاب گردان', 'عبدالله حسینی', 'محمدرضا خرسندنیا', 'مهرداد کفشگری', 'میلاد  کمندانی', 'حسین زامهران', 'مرتضی منصوری']",[],[],[],"['مهدی خیری', 'میثم نقی زاده', 'فرزاد زامهران', 'احمد آل نعمه', 'ایگور پراهیچ', 'حسین بادامکی', 'مهرداد رضایی']",[],[],[]
نقل و انتقالات لیگ برتر ,95-96,پرسپولیس,"['آلکسی  پلی یانسکی ', 'آنتونی  گولچ', 'ابوالفضل درویش وند', 'احسان علوان زاده', 'حامد آقایی', 'حسین ماهینی', 'رضا  کرملاچعب', 'ساسان انصاری', 'سیدجلال حسینی', 'صادق محرمی', 'محسن ربیع خواه', 'محمد آرام طبع', 'وحید امیری', 'ولادیمیر  پریمیوف', 'علیرضا بیرانوند']",[],[],[],"['مهرداد کفشگری', 'میلاد  کمندانی', 'علیرضا نورمحمدی', 'مرتضی قدیمی پور', 'رضا خالقی فر', 'بابک حاتمی', 'جری بنگستون ', 'سوشا  مکانی', 'علی  فاطمی', 'علی محسن زاده', 'محسن بنگر', 'میشل اومانیا']",[],[],[]
نقل و انتقالات لیگ برتر ,95-96,پیکان,"['آرش برهانی', 'ابوالفضل ابراهیمی', 'امیرحسین صادقی', 'بهادر عبدی', 'رحمان احمدی', 'سجاد آشوری', 'علی حمودی', 'لئون هایراپتیان ', 'مهدی شیری']",[],[],[],"['عباس محمد رضایی', 'رضا نوروزی', 'حسین مالکی']",[],[],[]
نقل و انتقالات لیگ برتر ,95-96,تراکتور,"[' ادینیو', 'سعید مرادی', 'سهیل صالحی', 'سینا عشوری', 'شهرام گودرزی', 'عارف  آغاسی', 'علیرضا رمضانی', 'محسن بنگر', 'محمد نوری', 'هادی محمدی', 'کرار جاسم', 'محمد ابراهیمی']",[],[],[],"['بختیار رحمانی', 'علی حمودی', 'ایوب کلانتری', 'فردین عابدینی', 'آگوستو سزار', 'آلویس نانگ', 'مسعود همامی', 'یان رمزی']",[],[],[]
نقل و انتقالات لیگ برتر ,95-96,ذوب آهن,"['جری بنگستون ', 'محمد ستاری', 'یاسر فیضی']",[],[],[],"['کاوه رضایی', 'سینا عشوری', 'هادی محمدی', 'مسعود حسن زاده', 'هاشم بیگ زاده', 'احمد امیرکامدار', 'محمدباقر صادقی', 'ولید اسماعیل']",[],[],[]
نقل و انتقالات لیگ برتر ,95-96,راه‌آهن,[],[],[],[],"['بهادر عبدی', 'مهرداد محمدی', 'محسن فروزان', 'فرشاد فرجی']",[],[],[]
نقل و انتقالات لیگ برتر ,95-96,سایپا,"['الساندرو ', 'امید خالدی', 'امیرمحمد مظلوم', 'سعید لطفی', 'سیامک کوروشی', 'مسعود حسن زاده']",[],[],[],"['مهدی دغاغله', 'آندرانیک تیموریان', 'مجید ایوبی', 'میلاد میداوودی', 'مسعود ابراهیم زاده']",[],[],[]
نقل و انتقالات لیگ برتر ,95-96,سپاهان,"['احسان حاج\u200cصفی', 'پدرو  هنریکه اولیویرا', 'جلال\u200c الدین علی محمدی', 'دنیل نوروزی', 'طالب ریکانی', 'علی هلیچی', 'عماد  میرجوان', 'فرید بهزادی کریمی', 'لیی اولیویرا', 'محمود قائد رحمتی', 'مهرداد محمدی', 'موسی کولیبالی']",[],[],[],"['لئاندرو پادوانی', 'وریا غفوری', 'شهاب گردان', 'رحمان احمدی', 'عبدالله کرمی', 'لوسیانو پریرا', 'محمدرضا خلعتبری', 'حبیب گردانی', 'سناد ایبریچیچ', 'علی کریمی', 'فوزیل موسایف', 'هادی عقیلی']",[],[],[]
نقل و انتقالات لیگ برتر ,95-96,سیاه جامگان م,"['ایوب کلانتری', 'حسین بادامکی', 'رضا درویشی', 'روح الله سیف اللهی', 'عباس عسگری', 'علیرضا نورمحمدی', 'فرشاد هاشمی', 'محمدرضا  خانزاده', 'مرتضی رنجبر', 'مرتضی قدیمی پور', 'وحید نجفی']",[],[],[],"['رضا عنایتی', 'مصطفی احمدی', 'علیرضا نقی زاده', 'بهروز افشار', 'حسین کریمی', 'حسین زامهران']",[],[],[]
نقل و انتقالات لیگ برتر ,95-96,صبای قم,"['احمد حسن زاده', 'امید جهانبخش', 'پویا سیف پناهی', 'حمیدرضا دیوسالار', 'رضا عنایتی', 'علی  فاطمی', 'علی ابراهیمی', 'قاسم دهنوی', 'منصور تنهایی', 'مهران امیری', 'میرهانی هاشمی', 'هاشم بیگ زاده', 'وحید علی آبادی', 'کیوان امرایی']",[],[],[],"['محمد آرام طبع', 'ابوالفضل ابراهیمی', 'امیرحسین صادقی', 'جلال\u200c الدین علی محمدی', 'فرید بهزادی کریمی', 'پیام صادقیان', 'اکبر صادقی', 'محمد قاضی', 'میلاد فراهانی', 'فیلیپه خوزه ماچادو', 'فرشید باقری']",[],[],[]
نقل و انتقالات لیگ برتر ,95-96,صنعت نفت آبادان,"['حسین ساکی', 'حکیم نصاری', 'دنی  سانتویا', 'رشید آلبی', 'رضا نوروزی', 'فرشاد فرجی', 'گویی هیان  کیم ', 'مصطفی احمدی', 'میلاد شعبانلو']",[],[],[],"['محسن ربیع خواه', 'محمود تیغ نورد', 'وحید فاروق']",[],[],[]
نقل و انتقالات لیگ برتر ,95-96,فولاد,"['احسان مرادیان', 'ارنست  ان\u200cفور', 'بهرام رشید فرخی', 'حمید بوحمدان', 'عبدالله کرمی', 'میلاد پاک پرور', 'وحید طالب لو']",[],[],[],"['ساسان انصاری', 'امید خالدی', 'محمدرضا  خانزاده', 'بهمن کامل', 'امیرحسین فشنگچی', 'امین جهان کهن', 'دروگ کوئه ماها', 'علیرضا سلیمی', 'لئونارد مساریچ', 'مهدی بدرلو']",[],[],[]
نقل و انتقالات لیگ برتر ,95-96,گسترش فولاد,"['رضا خالقی فر', 'علی ملایی', 'علیرضا ارجمندیان', 'علیرضا چراغعلی', 'علیرضا نقی زاده', 'لوسیانو پریرا', 'محمدرضا خلعتبری', 'مهران فرضیات', 'کوروش ملکی', 'یوسف سیدی', 'بابک حاتمی', 'فرناندو ده خسوس', 'مسعود ابراهیم زاده']",[],[],[],"['شهرام گودرزی', 'سامان نریمان جهان', 'امید نظامی پور', 'داود نوشی صوفیانی', 'لئوناردو پیمنتا', 'محمد ابراهیمی']",[],[],[]
نقل و انتقالات لیگ برتر ,95-96,ماشین‌سازی‌تبریز,"['آندرانیک تیموریان', 'احمد امیرکامدار', 'ادسون هنریکه', 'بهمن کامل', 'پیام صادقیان', 'حبیب گردانی', 'رامين  قرباني ', 'سامان نریمان جهان', 'سعید دقیقی', 'سهراب ادیب', 'سید جلال رافخایی', 'طاهر الکرامه', 'فرزاد زامهران', 'مهیار نوری', 'هادی کاخا']",[],[],[],['یوسف سیدی'],[],[],[]
نقل و انتقالات لیگ برتر ,95-96,ملوان,[],[],[],[],"['حسین حسینی', 'محمدحسین کنعانی زادگان', 'عزت اله پورقاز', 'حسین ماهینی', 'صادق محرمی', 'محمد ستاری', 'امیرمحمد مظلوم', 'رضا درویشی', 'سید جلال رافخایی']",[],[],[]
نقل و انتقالات لیگ برتر ,95-96,نفت تهران,"['آرش شهامتی', 'احمد آل نعمه', 'اکبر صادقی', 'ایگور پراهیچ', 'ماهان بغدادی', 'محمد قاضی', 'میلاد فخرالدینی', 'میلاد فراهانی']",[],[],[],"['علی قربانی', 'وحید شیخ ویسی', 'سیدجلال حسینی', 'وحید امیری', 'مهدی شیری', 'سعید لطفی', 'سیامک کوروشی', 'حمید بوحمدان', 'علیرضا چراغعلی', 'علیرضا بیرانوند']",[],[],[]
نقل و انتقالات اروپا ,2016-2017,آاس رم,"['آلسیون رامس بکر', 'آنتونیو رودیگر', 'ادین ژکو', 'اروین زوکانویچ', 'ایاگو فالکو', 'توماس فرمایلن', 'دیه\u200cگو پروتی', 'صدیق عمر', 'گرسون سانتوس', 'مصطفی سچ', 'نورا عبدواللهی', 'نوربرت جیومبر']","['آدام لیائیچ', 'آرنالدو آیالا', 'آلساندرو کرشنزی', 'اسماعیل حمایدات', 'خوان مانوئل آرولو', 'دنیل ورده', 'سگوندو ایباربو گوئررو', 'فدریکو ریچی', 'لئندرو دانیل پاردس', 'لوکاژ اسکوروپسکی', 'میهای آلکساندرو  بالاسا', 'نیکولا فالاسکو']","['جوان جسوس', 'فدریکو جولیان فازیو', 'ماریو روی', 'وویژیک شزنی']",[],"['متئو پلیتانو', 'میرالم پیانیچ', 'مورگان دی سانتیس']","['صالح اوکان', 'فرانسسکو دی ماریانو', 'وویژیک شزنی', 'آلساندرو کرشنزی', ' امرسون']","['پائولو فراسکوتوره', 'دنیل ورده', 'گابریل مارچگانی', 'متئو ریکی', 'میهای آلکساندرو  بالاسا', 'یاکوپو فری', 'نیکولا فالاسکو', 'سگوندو ایباربو گوئررو', 'اروین زوکانویچ', 'ایاگو فالکو', 'لئوناردو کاستان', 'یونو پاپ', 'لورنزو واسکو']",[]
نقل و انتقالات اروپا ,2016-2017,اتلتیکومادرید,"['فرناندو تورس', 'نیکلاس گایتان', 'کوین  گامیرو']",['جاشوا گیلاووگی'],[],[],['جاشوا گیلاووگی'],[],['لوسیانو ویتو'],[]
نقل و انتقالات اروپا ,2016-2017,آث میلان,"['جیانلوکا  لاپادولا', 'لیونل ازکوئیل وانگیونی']","[' سوسو', 'آلساندرو ماتری', 'جرسون ورگارا آمو', 'سیمونه وردی', 'گابریل پالتا', 'متئو پسینا', 'میشیله آگاتزی']",['ماریو پالی'],[],"['فرناندو تورس', 'آندرا واسالو', 'جرمی منز']","['جیانماریو کومی', 'ماریو بالوتلی', 'آندرآ پتیانا', 'سیمونه وردی', 'سباستین گامارا', 'گویدو تورانو', 'گئورگی پیاسنتینی', 'متئو چینلاو']","['اندره مادیچ', 'جیوانی کروکیاتا', 'استفان شیمیچ', 'حکیم مستور', 'داوید دی مولفتا', 'جیانفیلیپو ', 'متئو پسینا']",[]
نقل و انتقالات اروپا ,2016-2017,آرسنال,"['تاکوما آسانو', 'راب هولدینگ', 'شکودران موستافی', 'گرانیت ژاکا', 'لوکاس پرز']","['چوبا  آکپوم', 'دامین مارتینز', 'گدیون زلالم', 'گلن کامارا', 'متیو دیبوچی', 'وویژیک شزنی', 'یحیی سانوگو']",[],[],"['ایزاک هایدن', 'توماس روسیچکی']",['ژولیو خوزه '],"['جوئل کمپل', 'تاکوما آسانو', 'جک ویلشر', 'جان  تورال', 'وویژیک شزنی', 'تافاری مور', 'رایان هودارت', 'گلن کامارا', 'دان کرولی']",[]
نقل و انتقالات اروپا ,2016-2017,اورتون,[],[],[],[],['جان استونز'],[],[],[]
نقل و انتقالات اروپا ,2016-2017,اینتر,"['اور بانگا', 'ری ماناج', 'مارسلو بروزوویچ', 'کانر ارکین', 'کریستین انسالدی', 'استفان یووتیچ']","[' دودو', 'الوگ یائو', 'اندره آ رانوکیا', 'ایساک دونکور', 'دنیل بسا', 'دیگو سوارز', 'رافائل دی جنارو', 'ساموئل لونگو', 'فرانچسکو باردی', 'گئورگ آلساندرو پوسکاس', 'مارکو آندریلی', 'کریستیانو بیراگی']",[],[],"['دیگو سوارز', 'رودریگو آلبورنو', 'لئوناردو لونگو', 'متئو لومولینو']","['آلکس تلاس', 'مارسلو بروزوویچ', 'آدام لیائیچ']","['ایساک دونکور', 'لورنزو تاسی', 'نیکولا باونی', 'گاستون کامارا', 'آندره آ پالاتزی', 'انریکو بالدینی', 'فابیو اگولفی', 'ساموئل لونگو', 'فرانچسکو باردی', 'جوان جسوس', 'فدریکو دیمارکو', 'ری ماناج', 'کریستیانو بیراگی', 'الساندرو سوباچی', 'انریکو دی میشل', 'داویده  کوستا', 'فرانچسکو فورت', 'متیا بونتو', 'برایت گیامفی', 'گئورگ آلساندرو پوسکاس', 'جیاکومو سیاکا', 'سیمونه پاسا']",[]
نقل و انتقالات اروپا ,2016-2017,بارسلونا,"['آندره گومز', 'دنیس سوآرز', 'ساموئل اومتیتی', 'لوکاس دینیه']",[],[],[],"['خوان مانوئل گارسیا ', 'کلودیو مونوز', 'مارک آرگال', 'مارک بارترا', 'توماس فرمایلن', 'دنی آلوز', 'آلن هلیلوویچ', 'کوریا آدریانو']",[],[],[]
نقل و انتقالات اروپا ,2016-2017,بایرن مونیخ,"['رناتو سانچز', 'متس هوملز']","['پیر امیل', 'ملی یاک']",[],[],"['پیر امیل', 'سباستین روده', 'ماریو گوتزه', 'متیاس استرومیر']","['ایوان لوچیچ', 'کادجوف آلبانو', 'مارکو استفاندل', 'سیمو شوکر', 'نیکولا  گاوری', 'نیکولا دلا شیاوا', 'آنجلوس ایکونومو', 'پاتریک ویراچ', 'دنیل هاگلر', 'دومنیک مارتینوویچ', 'سردار تاسکی', 'یانیک گونزل', 'فلیپ استینهارت']",['مهدی بن عطیه'],[]
نقل و انتقالات اروپا ,2016-2017,بنفیکا,[],[],[],[],"['نیکلاس گایتان', 'رناتو سانچز']",[],[],[]
نقل و انتقالات اروپا ,2016-2017,پاری سن ژرمن,"['توماس  میونیر', 'جیووانی لو سلسو', 'حاتم  بن عرفا', 'گریگوری کریچوویاک']","['آلفونس آرئولا', 'رولی دسا پیریر']",[],[],"['سسی دالمیدا', 'گریگوری فن در ویل', 'زلاتان ابراهیموویچ', 'لوکاس دینیه', 'محمدو دوکوره']","['یاکو میته', 'جین لوچت', 'سلیمان دومبیا', 'جردن ایکوکو']","['جان کریستوف  باهه\u200cبک', 'یوسف سابالی', 'جیووانی لو سلسو']",[]
نقل و انتقالات اروپا ,2016-2017,تاتنهام,"['موسی سیسوکو', 'وینسنت یانسن', 'ویکتور وانیاما']","['آلکس پریچارد', 'دومینیک بال', 'گئورگس کوین انکودو ام بیدا', 'ناتان اودوا', 'کریستین ماقوما', 'کونور  اوگیلیوی']",['پاو لوپز'],[],"['دیندر یدلین', 'رایان ملن مائسون', 'امانوئل سانوپ']","['دومینیک بال', 'گرانت وارد', 'آلکس پریچارد']","['ویلیام  میلر', 'فیلیپ لسنیکس', 'کلینتون نیجه', 'لوک مک گی', 'ناتان اودوا']",[]
نقل و انتقالات اروپا ,2016-2017,چلسی,"['انگولو کانته', 'مارکوس آلونسو', 'میچی باتشوایی']","[' ادواردو', 'الحاجی پاپی', 'پاتریک بامفورد', 'توما کالاس', 'خوان گیلرمو کوادرادو', 'دانیلو پانتیچ', 'دومینیک سولانکه', 'عیسی  بروان', 'ماتچ دلاک', 'مارکو مارین', 'مارکو ون گینکل', 'ماریو پالی', 'ناتانیل چالوبا', 'ویکتور موسس', 'کریستین آلخاندرو کوئواس', 'کنیث اومرو']",[],[],"['ریچ میشل', 'جون سویفت', 'الحاجی پاپی', 'استیپ پرسیا']","['مارکو مارین', 'رادامل  فالکائو', 'الكساندر پاتو']","['جیک کلارک سالتر', 'چارلی کالکت ', 'تامی آبراهام', 'عیسی  بروان', 'کریستین آلخاندرو کوئواس', 'اسلام فروز', 'ماتچ دلاک', 'اندرو کیومیا', 'کاسی پالمر', 'کریستین آتسو', 'توما کالاس', 'لوکاس دومینگوئس پیازون', 'پاتریک بامفورد', 'ناتان آکه', 'ژرمی بوگا', 'ویکتورین آنگبان', 'عبدالرحمن بابا', 'ماریو پالی', 'ماتیو مازگا', 'خوان گیلرمو کوادرادو', 'دانیلو پانتی', 'دیون کنروی ', 'کنیث اومرو', 'جردن هوتون', 'جمال بلکمن', 'الکس داوی', 'میشل بینی']",[]
نقل و انتقالات اروپا ,2016-2017,دورتموند,"['آندره شورله', 'رافائل گوئررو', 'سباستین روده', 'عثمان دمبله', 'مارک آرگال', 'مارک بارترا', 'مارک بارترا', 'ماریو گوتزه', 'مایکل زازون', 'مسیح واسی', 'هنریک بارتچ']","['موریتس فریتس', 'هربرت باکورن', 'یانو باکسمن', 'یانیک باندوفسکی', 'یاکوب  بلاژیکووسکی']",['اورل مانگالا'],[],"['برکانت گونر', 'جان استانکوویچ', 'ایلکای گوندوگان', 'هنریک میخیتاریان', 'متس هوملز', 'یاکوب  بلاژیکووسکی', 'مورتیز لیتنر', 'مرت شاهین', 'نیکو کیستاک', 'خالد ناری', 'تامو هاردر']","['اوژان کفیر', 'ماروین  داچ', 'ماریان سار', 'آندرس اوگرزال', 'تاریک کورت', 'سندی هوی', 'نیکلاس سویینگ']",['محمد ال بوتزاتی'],[]
نقل و انتقالات اروپا ,2016-2017,رئال‌مادرید,['آلوارو  موراتا'],['فابیو کونترائو'],[],[],[],[],"['بورخا مایورال مویا', 'بورخا مویا مایورال']",[]
نقل و انتقالات اروپا ,2016-2017,سویا,['گانسو '],[],"['لوسیانو ویتو', 'سمیر نصری']",[],"['کوین  گامیرو', 'اور بانگا', 'گریگوری کریچوویاک']",['مارکو آندریلی'],['فدریکو جولیان فازیو'],[]
نقل و انتقالات اروپا ,2016-2017,شالکه,[' نالدو'],[],['عبدالرحمن بابا'],[],['ژوئل ماتیپ'],['پیر امیل'],[],[]
نقل و انتقالات اروپا ,2016-2017,فیورنتینا,[],[],[],[],"['مارکوس آلونسو', 'ماکسیمیلیانو گومز']",['یاکوب  بلاژیکووسکی'],[],[]
نقل و انتقالات اروپا ,2016-2017,لاتزیو,"['جوردن  لوکاکو', 'مورتیز لیتنر']","['آلوارو رافائل گونزالز', 'ایوان وارگیچ', 'برایان پررا وارگاس', 'توما استراکوشا', 'جوزف مینالا', 'جوسیپ الز', 'رونالدو  پومپئو داسیلوا', 'فرانخو پرس', 'لوکا کرچو', 'لوییز آلبرتو', 'مامادو تونوکارا', 'میشائیل سانی', 'وینکیوس ریبریو', 'کریستوفر ایکونومیدیس']",[],[],['مصطفی سچ'],"['کریستین موتوسویچ', 'آلساندرو ماتری', 'جنتیلتی ']","['گایدو گوریری', 'لوکا کرچو', 'لورنزو فلیپینی', 'جوسیپ الز']",[]
نقل و انتقالات اروپا ,2016-2017,لسترسیتی,[],[],[],[],['انگولو کانته'],[],[],[]
نقل و انتقالات اروپا ,2016-2017,لیورپول,"['الکساندر مانینگر', 'جورجینیو واینالدوم', 'خوان مانوئل گارسیا ', 'رانار کلاوان', 'ژوئل ماتیپ', 'سادیو مانه', 'لوریس کاریوس']","['تایوو آونی', 'جوردن ویلیامز', 'رایان فولتون', 'ژو ماکوییره', 'لوییز آلبرتو', 'ماریو بالوتلی']",[],[],"['ژائو کارلوس', 'ژائو کارلوس ویلاسا تکسچیرا', 'مارتین اشکرتل', 'حبیب کولو توره', 'سرگی کانوس', 'خزه انریکه', 'بردلی اسمیت', 'جردن ایبه', 'ژروم سینکلیر', 'کریستین بنتکه', 'جو آلن', 'رایان مکلاگین', 'کریستوف پولگار']","['جردن روسیتر', 'استیون کاکر', 'لوییز آلبرتو']","['رایان کنت', 'رایان فولتون', 'جک دان', 'دانیل وارد', 'آدام باگدان', 'جان فلاناگان', ' آلان', 'تایوو آونی', 'لازار مارکوویچ', 'سام هارت ', 'فلیپ دیگان']",[]
نقل و انتقالات اروپا ,2016-2017,لیون,"['امانوئل مامانا', 'نیکولاس انکولو']",[],[],[],"['ساموئل اومتیتی', 'لیندسی رز', 'هنری بدیمو', 'استید مالبرانکو']","['باکاری کانه', 'اولریک ینسن', 'عادل دکیچ', 'آرنولد اموئمبا']",['رومین دی کاستیو'],[]
نقل و انتقالات اروپا ,2016-2017,مارسی,['هنری بدیمو'],['ماریو لمینا'],"['بافی تمبی گومیس', 'کلینتون نیجه']",[],"['میچی باتشوایی', 'ماریو لمینا', 'نیکولاس انکولو']","['گئورگس کوین انکودو ام بیدا', 'پائولو دی سه گیل', 'مائوریسیو ایسلا']",[],[]
نقل و انتقالات اروپا ,2016-2017,منچسترسیتی,"[' نولیتو', 'ایلکای گوندوگان', 'جان استونز', 'لامینه  سانه', 'مارلوس مورنو دوران', 'کلودیو مونوز']","['آرون موی', 'الکساندر زینچنکو', 'برونو زوکولینی', 'پابلو ماری ویلار', 'پابلو مافئو بکارا', 'جرونیمو رولی', 'روبن سابرینو']",[],[],"['متیاس بوسائرتس', 'مارتین دمیکلیس', 'فلورین  لژیون', 'ادین ژکو', 'سکو فوفانا', 'استفان یووتیچ']",[],"['پابلو ماری ویلار', 'اشلی اسمیت براون', 'براندن بارکر', 'توماس آگیه پونگ', 'دیوید فائوپالا', 'کین  برایان', 'آرون موی', 'یاو یبوا', 'جک بیرن', 'روبن سابرینو', 'مانوئل گارسیا', 'جرونیمو رولی', 'الیاکوئیم مانگالا', 'شای فیسی', 'الکساندر زینچنکو', 'سمیر نصری', 'برونو زوکولینی', 'سینان بیتیکی', 'گئورگ گلندن', 'مارلوس مورنو دوران', 'لوک براتان']",[]
نقل و انتقالات اروپا ,2016-2017,منچستریونایتد,"['اریک بیلی', 'پل پوگبا', 'زلاتان ابراهیموویچ', 'هنریک میخیتاریان']","['اشلی میشل فلچر', 'تیلور ناتن بلاکت', 'جیمز آنتونی ویلسون', 'نیک پوول', 'کران اوهارا']",[],[],"['اولیویر راتبون', 'نیک پوول', 'ویکتور  والدس', 'ویلیام کین', 'جو راتول']","['تیلور ناتن بلاکت', 'تیلر رید', 'جیمز وایر', 'اشلی میشل فلچر']","['جیمز آنتونی ویلسون', 'کامرون جکسون', 'آندریاس پریه را', 'گیلرمو وارلا اولیورا', 'دین هندرسون']",[]
نقل و انتقالات اروپا ,2016-2017,موناکو,"['بنجامین مندی', 'جبرئیل سیدیبه', 'مورگان دی سانتیس', 'کمیل گلیک', 'یوسف آیت بنسر']","[' باچیلا', ' باچیلا', 'آلان سینت ماکسمین', 'ادگارد نیکائیسه کونستانت سالی', 'جسی پی', 'جین کورنتین', 'جین کورنتین', 'دلوین دینگا', 'دینیس  کاستا', 'رادامل  فالکائو', 'عبدو دیالو', 'عبدو دیالو', 'مارسل تیزراند', 'والر جرمین']",[],[],"['ایوان کاوالریو', 'ادگارد نیکائیسه کونستانت سالی', 'میکل دی فریتاس']","[' والاس', 'هلدر کاستا', 'دلوین دینگا', 'ماریو پالی', 'فابیو کونترائو', 'ژرمی تولالان', 'جسی پی', 'دیلان باهامبولا', 'سباستین آموروس', 'واگنر لاو']","['تفسیر چریف ', 'گیل باستیائو دیاس', 'پائول ناردی', 'یوسف آیت بنسر', 'دینیس  کاستا', 'جاناتان مکسیکوئه']",[]
نقل و انتقالات اروپا ,2016-2017,ناپولی,['آرکادیوژ میلیک'],[],[],[],['گونزالو ایگواین'],['ناتانیل چالوبا'],[],[]
نقل و انتقالات اروپا ,2016-2017,والنسیا,[],[],['الیاکوئیم مانگالا'],[],['شکودران موستافی'],[],[],[]
نقل و انتقالات اروپا ,2016-2017,وولفسبورگ,"['جاشوا گیلاووگی', 'جفری بروما', 'جوزیپ  برکالو', 'دانیل دیداوی', 'ماکسیمیلیانو گومز', 'یاکوب  بلاژیکووسکی']","['اسکار زاوادا', 'دیوید چامورو', 'فرانسیسکو رودریگز', 'مارسل ریچوین', 'مارسل سوتر', 'ماریان سار']","['بورخا مایورال مویا', 'فیلیپ وولشید']",[],"['نیکلاس بنتنر', 'اونل مایا هرناندز', 'دینو مدجوویچ', 'آندره شورله', ' نالدو', 'نوآ کورزوفسکی', 'باس دوست', 'جونیور ابوت اتچی', 'لوکاس سیمون لومن', 'مکس کروزه', 'هیلال الهلوه', 'باستین شولز', 'فیلیپه لوپز']","['ماکسیمیلیان کروگر', 'جاشوا گیلاووگی', 'مائوریس فره', ' دانته', 'توره دنگلر', 'دانیلو دیتریچ', 'دیوید چامورو', 'سباستین اشلوشن', 'محمد دلالی', 'گریگلی بوبال', 'یانیس پلاسچک']","['فرانسیسکو رودریگز', 'پاتریک دروس', 'لئوناردو  پوتارو', 'مورتیز اسپرینگر']",[]
نقل و انتقالات اروپا ,2016-2017,یوونتوس,"['دنی آلوز', 'دنی آلوز', 'رولاندو ماندراگورا', 'سیمونه گانز', 'گونزالو ایگواین', 'مارکو پیاتسا', 'ماریو لمینا', 'میرالم پیانیچ']","['آلبرتو برینگولی', 'آلبرتو چری', 'آندرس فلیپ تیو مونوز', 'پائولو دی سه گیل', 'پول گارسیا تنا', 'فدریکو متیلو', 'لوکا مارون', 'مائوریسیو ایسلا', 'مامه بابا  تیام', 'وینچنزو فیوریلو']","['مهدی بن عطیه', 'خوان گیلرمو کوادرادو']",[],"['پل پوگبا', 'آلوارو  موراتا', 'گابریل پیرس', 'مارسل بوچل', 'وینچنزو فیوریلو', 'خورخه آندریاس باریوس', 'متئو لیوئرو', 'کارلو ایلاری']","['هوردور ماگنوسون', 'آندره آ شیاوونه', 'آندره\u200cآ فاویلی', 'خوان گیلرمو کوادرادو', 'سیمونه پادون', 'ماریو لمینا', 'نیکولو کورتی']","['فرانسسکو مارکوییتا', 'نیکولا لیالی', 'استفانو بلترام', 'گئورگیو لوپرینی', 'میشل کاویون', 'ماتیا ویتال', 'لورنتیو کنستانتین برانسکو', 'سیمونه گانز', 'لئوناردو اسپینازولا', 'آندرس فیلیپه تیو', 'آناستوسیوس دونیس', 'استفانو پادوان', 'هکتورین لافونته', 'لوکا بارلوکو', 'متئو گربادو', 'پاول آکپان اودو', 'دیوید کایس', 'کلودیو زاپا', 'پول گارسیا تنا', 'کارلو پینسوگیلو']",[]
نقل و انتقالات نیم فصل لیگ برتر ,94-95,استقلال,['مهدی مومنی'],[],[],[],[],[],[],[]
نقل و انتقالات نیم فصل لیگ برتر ,94-95,استقلال اهواز,[],[],[],[],"['پرویز کریمی', 'سعید سالارزاده', 'سید علی حسینی', 'شاهین مجیدی', 'محمد اسماعیل نظری', 'محمد غلامی', 'مرتضی منصوری', 'میلاد جعفری', 'سعید قزل گچلی', 'فرزاد آشوبی', 'محسن حمیدی']",[],[],[]
نقل و انتقالات نیم فصل لیگ برتر ,94-95,استقلال خوزستان,"['امید سینگ', 'فیلیپ برتولدو']",[],[],[],[],[],[],[]
نقل و انتقالات نیم فصل لیگ برتر ,94-95,پدیده شهرخودرو,"['احمد آل نعمه', 'فرشاد قاسمی', 'فریبرز گرامی']",[],[],[],"['آرام عباسی', 'ایگور پراهیچ']",[],[],[]
نقل و انتقالات نیم فصل لیگ برتر ,94-95,پرسپولیس,"['الکساندر لوبانف', 'امیرعباس آیینه چی', 'علی محسن زاده']",[],[],[],"['ایمان صادقی', 'علی  فاطمی']",[],[],[]
نقل و انتقالات نیم فصل لیگ برتر ,94-95,تراکتور,"['آلویس نانگ', 'ایوب کلانتری', 'فرزاد حاتمی', 'فرزین گروسیان', 'مهدی شریفی', 'مهدی کیانی']",[],[],[],"['حمزه یونس', 'مهرداد بایرامی', 'میرهانی هاشمی', 'احمد عبدالله زاده', 'مهرداد طهماسبی', 'سامان نریمان جهان']",[],[],[]
نقل و انتقالات نیم فصل لیگ برتر ,94-95,ذوب آهن,"['احمد امیرکامدار', 'هاشم بیگ زاده', 'وحید محمدزاده']",[],[],[],['اکبر صادقی'],[],[],[]
نقل و انتقالات نیم فصل لیگ برتر ,94-95,راه‌آهن,"['آتوس سلومون', 'حامد زمانی', 'سیدمهران موسوی', 'علی  فاطمی', 'علی پازوکی', 'فرزاد آشوبی', 'محسن فروزان', 'محمد عباس زاده', 'مهدی حنیفی', 'میثم جودکی']",[],[],[],"['سیامک کوهنورد', 'امین  منوچهری', 'امیرحسین کریمی', 'حمیدرضا علی عسگری', 'مهدی جعفرپور']",[],[],[]
نقل و انتقالات نیم فصل لیگ برتر ,94-95,سایپا,"['آندرانیک تیموریان', 'مهدی دغاغله']",[],[],[],"['جواد نکونام', 'رضا نوروزی', 'فرشاد قاسمی', 'وحید محمدزاده']",[],[],[]
نقل و انتقالات نیم فصل لیگ برتر ,94-95,سپاهان,"['امین  منوچهری', 'سناد ایبریچیچ', 'علی هزامی']",[],[],[],['مهدی شریفی'],[],[],[]
نقل و انتقالات نیم فصل لیگ برتر ,94-95,سیاه جامگان م,"['آلاجی  سوسه', 'آیگبوسی ', 'امیرحسین کریمی', 'حمیدرضا علی عسگری', 'مهدی جعفرپور', 'میلاد نوری', 'کیل کنویا']",[],[],[],"['امید سینگ', 'امیر تیزرو', 'بابک مرادی', 'رنان  داسیلوا', 'سعید مهدی پور', 'محمد بازاج', 'احمد امیرکامدار', 'محسن فروزان', 'سید پیمان  میری', 'محسن دلیر']",[],[],[]
نقل و انتقالات نیم فصل لیگ برتر ,94-95,صبای قم,"['اکبر صادقی', 'پیام صادقیان']",[],[],[],"['هاشم بیگ زاده', 'قاسم دهنوی']",[],[],[]
نقل و انتقالات نیم فصل لیگ برتر ,94-95,فولاد,"['احمد عبدالله زاده', 'امین جهان کهن', 'دروگ کوئه ماها', 'مهرداد بایرامی', 'مهرداد طهماسبی']",[],[],[],"['حسین مالکی', 'مهرداد بشاگردی', 'مهدی دغاغله']",[],[],[]
نقل و انتقالات نیم فصل لیگ برتر ,94-95,گسترش فولاد,"['سامان نریمان جهان', 'سیامک کوهنورد', 'لئوناردو پیمنتا', 'محسن حمیدی', 'مهدی سیدصالحی']",[],[],[],"['یوسف سیدی', 'ایوب کلانتری', 'مهدی کیانی']",[],[],[]
نقل و انتقالات نیم فصل لیگ برتر ,94-95,ملوان,"['شاهین باللجائی', 'محمد ستاری']",[],[],[],"['آرش افشین', 'سرگئی پاشنکو', 'محمد نزهتی', 'فرزاد حاتمی', 'امین جهان کهن']",[],[],[]
نقل و انتقالات نیم فصل لیگ برتر ,94-95,نفت تهران,[],[],[],[],"['کارلوس سانتوس', 'مهدی مومنی', 'علی محسن زاده', 'آلویس نانگ', 'میثم جودکی', 'پیام صادقیان']",[],[],[]
نقل و انتقالات اروپا نیم فصل ,2015-2016,آاس رم,[],['سیدو دومبیا'],[],[],[],[],['خوان مانوئل آرولو'],[]
نقل و انتقالات اروپا نیم فصل ,2015-2016,آرسنال,[],['گدیون زلالم'],[],[],[],[],[],[]
نقل و انتقالات اروپا نیم فصل ,2015-2016,بارسلونا,['آلکس ویدال'],['مویسس لوپز'],['سرجی روبرتو'],[],['آلخاندرو گریمالدو گارسیا'],[],[],[]
نقل و انتقالات اروپا نیم فصل ,2015-2016,بنفیکا,['آلخاندرو گریمالدو گارسیا'],[],[],[],[],[],[],[]
نقل و انتقالات اروپا نیم فصل ,2015-2016,بورنموث,[],[],['خوان مانوئل آرولو'],[],[],[],[],[]
نقل و انتقالات اروپا نیم فصل ,2015-2016,زسکامسکو,[],[],[],[],[],['سیدو دومبیا'],[],[]
نقل و انتقالات اروپا نیم فصل ,2015-2016,سویا,[],[],[],[],['آلکس ویدال'],['مویسس لوپز'],[],[]
نقل و انتقالات اروپا نیم فصل ,2015-2016,فلومیننزه,[],[],[],[],[],[],['سرجی روبرتو'],[]
نقل و انتقالات اروپا نیم فصل ,2015-2016,گلاسکو رنجرز,[],[],[],[],[],['گدیون زلالم'],[],[]
نقل و انتقالات اروپا نیم فصل ,2015-2016,منچسترسیتی,[],['براندن بارکر'],[],[],[],[],[],[]
نقل و انتقالات اروپا نیم فصل ,2015-2016,منچستریونایتد,[],"['ساموئل جانستون', 'ویلیام کین']",[],[],[],[],[],[]
نقل و انتقالات لیگ برتر ,94-95,استقلال,"['حسین حسینی', 'محمدحسین کنعانی زادگان', 'پروپجیچ ', 'جابر انصاری', 'روزبه چشمی', 'ریوالدو باربوسا', 'سیدمهدی رحمتی', 'فرشید اسماعیلی', 'محمدامین حاج محمدی', 'میثم مجیدی']",[],[],[],"['امیرحسین طاحونی', 'میلاد سلیمان فلاح', 'میلاد نوری', 'رضا عنایتی', 'محسن فروزان', 'امیرحسین صادقی', 'هاشم بیگ زاده']",[],[],[]
نقل و انتقالات لیگ برتر ,94-95,استقلال اهواز,"['احسان مرادیان', 'پرویز کریمی', 'حسین موجی', 'سعید سالارزاده', 'سعید قزل گچلی', 'سید علی حسینی', 'شاهین مجیدی', 'طالب ریکانی', 'علی بیگدلی', 'فرزاد آشوبی', 'مبین میردورقی', 'محسن حمیدی', 'محمد اسماعیل نظری', 'محمد غلامی', 'مرتضی منصوری', 'میلاد جعفری']",[],[],[],"['طالب ریکانی', 'علی هلیچی', 'حسین ساکی', 'احسان مرادیان', 'میلاد پاک پرور']",[],[],[]
نقل و انتقالات لیگ برتر ,94-95,استقلال خوزستان,"['حسین  بهرام وند', 'عزت اله پورقاز', 'ادواردو سوارز', 'پیمان شیرزادی', 'جلال عبدی', 'حسن بیت سعید', 'حکیم نصاری', 'دانیال ماهینی', 'رحیم زهیوی', 'عقیل کعبی', 'علی اصغر عاشوری', 'فرشاد سالاروند', 'فرنادو ', 'گودرز داوودی', 'کمیل حیدری']",[],[],[],"['ایمان باصفا', 'حجّت چهارمحالی', 'رضا کاردوست', 'سومایلا دیاکیته', 'لامین دیاوارا', 'مجید حیدری', 'محمدرضا مهدوی', 'میثم بائو', 'یزدان عباسیان', 'میثم مجیدی', 'پرویز کریمی', 'امید سینگ', 'مهدی مومنی']",[],[],[]
نقل و انتقالات لیگ برتر ,94-95,پدیده شهرخودرو,"['آرام عباسی', 'جواد ضیغمی', 'حسن جعفری', 'حسین بادامکی', 'علی  نادمی', 'محمدحسین مرادمند', 'محمود خمیسی', 'مهرداد رضایی', 'میثم نقی زاده', 'کریم احمدی']",[],[],[],"['محمد رجب زاده', 'سعید قزل گچلی', 'محمد غلامی', 'اکبر صادقی', 'محمد نژادمهدی', 'میلان یووانوویچ', 'رضا حقیقی']",[],[],[]
نقل و انتقالات لیگ برتر ,94-95,پرسپولیس,"['حسین ماهینی', 'ایمان صادقی', 'جری بنگستون ', 'رامین رضائیان', 'فرشاد احمدزاده', 'مارکو ماریچ', 'محسن مسلمان', 'محمد انصاری', 'وحید حیدریه', 'کمال الدین کامیابی نیا']",[],[],[],"[' گابریل', 'افشین اسماعیل زاده', 'مبین میردورقی', 'مهدی جعفرپور', 'رضا نوروزی', 'میثم حسینی', 'محمدرضا  خانزاده', 'مهدی دغاغله', 'حمیدرضا علی عسگری', 'پیام صادقیان']",[],[],[]
نقل و انتقالات لیگ برتر ,94-95,پیکان,['بهادر عبدی'],[],[],[],[],[],[],[]
نقل و انتقالات لیگ برتر ,94-95,تراکتور,"['آگوستو سزار', 'احمد عبدالله زاده', 'بختیار رحمانی', 'حمزه یونس', 'سروش رفیعی', 'محمدرضا اخباری', 'مهرداد طهماسبی', 'کارلوس کاردوسو', 'یان رمزی']",[],[],[],"[' ادینیو', 'حامد لک', 'دوسانتوس ', 'شهریار شیروند', 'عیسی اندوی', 'آندرانیک تیموریان', 'فرشاد احمدزاده', 'حبیب گردانی', 'احمد امیرکامدار', 'محسن دلیر', 'مهدی کیانی']",[],[],[]
نقل و انتقالات لیگ برتر ,94-95,ذوب آهن,"['محمد ستاری', 'اکبر صادقی', 'محمد نژادمهدی', 'محمدرضا  حسینی']",[],[],[],"['کارلوس سانتوس', 'قاسم دهنوی', 'اکبر ایمانی']",[],[],[]
نقل و انتقالات لیگ برتر ,94-95,راه‌آهن,"['حمزه زرینی', 'حمیدرضا علی عسگری', 'علیرضا محمد', 'مهدی جعفرپور', 'مهدی زارع', 'کاظم برجلو']",[],[],[],"['بهادر عبدی', 'محسن فروزان', 'فرشاد فرجی', ' موتومبا', 'احمد مهدی زاده', 'امیر عابدزاده', 'عادل کلاه کج', 'رامین رضائیان']",[],[],[]
نقل و انتقالات لیگ برتر ,94-95,سایپا,"['امیرمحمد مظلوم', 'جواد نکونام', 'حامد حسینعلی زاده', 'رضا نوروزی', 'غلامرضا رضایی', 'وحید اسماعیل بیگی']",[],[],[],"['حکیم نصاری', 'علی  نادمی', 'محمدرضا اخباری', 'محمد نزهتی']",[],[],[]
نقل و انتقالات لیگ برتر ,94-95,سپاهان,"['طالب ریکانی', 'علی هلیچی', 'حبیب گردانی', 'وحید نجفی']",[],[],[],"['جواهیر سوکای', 'ماریو پسوس', 'محمد علی احمدی', 'محمدحسین مرادمند', 'امیرحسین کریمی']",[],[],[]
نقل و انتقالات لیگ برتر ,94-95,سیاه جامگان م,"['رضا درویشی', 'احمد امیرکامدار', 'امید سینگ', 'امیر تیزرو', 'حمید جوکار', 'دژان باندوویچ ', 'رضا عنایتی', 'رنان  داسیلوا', 'سجاد رهبر', 'سعید مهدی پور', 'سید پیمان  میری', 'سیدایمان موسوی', 'علیرضا نقی زاده', 'محسن دلیر', 'محسن فروزان', 'محمد بازاج', 'مصطفی احمدی', 'میثم حسینی', 'میلان یووانوویچ']",[],[],[],['محمود خمیسی'],[],[],[]
نقل و انتقالات لیگ برتر ,94-95,صبای قم,"['علی  فاطمی', 'امیرحسین صادقی', 'حامد لک', 'رضا حقیقی', 'سامان آقازمانی', 'قاسم دهنوی', 'محمد قاضی', 'نیما داغستانی', 'هاشم بیگ زاده', 'هوگو ماچادو', 'کریم اسلامی']",[],[],[],"['آمنیو آچیله', 'روزبه چشمی', 'آرام عباسی', 'حسین بادامکی', 'مهرداد طهماسبی', 'سعید مهدی پور', 'ایوب کلانتری']",[],[],[]
نقل و انتقالات لیگ برتر ,94-95,صنعت نفت آبادان,"['حسین ساکی', 'فرشاد فرجی']",[],[],[],[],[],[],[]
نقل و انتقالات لیگ برتر ,94-95,فولاد,"['احسان مرادیان', 'میلاد پاک پرور', 'امیرحسین فشنگچی', 'اکبر ایمانی', 'حسین ابراهیمی', 'حسین مالکی', 'عبدالله ناصری', 'محمدرضا  خانزاده', 'مهدی دغاغله', 'مهرداد بشاگردی']",[],[],[],"['احمد آل نعمه', 'ارشاد یوسفی', 'ولید مشاعی زاده', 'محسن مسلمان', 'احمد عبدالله زاده', 'بختیار رحمانی', 'سروش رفیعی', 'سیدایمان موسوی', 'محمد قاضی', 'سروش سعیدی', 'شهاب کرمی', 'آلویس نانگ']",[],[],[]
نقل و انتقالات لیگ برتر ,94-95,گسترش فولاد,"['امیرحسین کریمی', 'ایوب کلانتری', 'جکسون ', 'داریوش  شجاعیان', 'شهرام گودرزی', 'گئورگی گئورگیف', 'مجتبی ترشیز', 'محمد نصرتی', 'مقداد قباخلو', 'مهدی کیانی']",[],[],[],"['جابر انصاری', 'میثم نقی زاده', 'علیرضا نقی زاده']",[],[],[]
نقل و انتقالات لیگ برتر ,94-95,ماشین‌سازی‌تبریز,['سید جلال رافخایی'],[],[],[],[],[],[],[]
نقل و انتقالات لیگ برتر ,94-95,ملوان,"['رضا اعتمادی', 'رضا درویشی', 'سرگئی پاشنکو', 'شهاب کرمی', 'محمد نزهتی']",[],[],[],"['حسین حسینی', 'محمدحسین کنعانی زادگان', 'عزت اله پورقاز', 'حسین ماهینی', 'محمد ستاری', 'امیرمحمد مظلوم', 'رضا درویشی', 'سید جلال رافخایی', 'حسن جعفری', 'ایمان صادقی']",[],[],[]
نقل و انتقالات لیگ برتر ,94-95,نفت تهران,"['آلویس نانگ', 'پیام صادقیان', 'سیدجلال حسینی', 'محمد دانشگر', 'مهدی مومنی', 'کارلوس سانتوس']",[],[],[],"['محمدامین حاج محمدی', 'کمال الدین کامیابی نیا', 'غلامرضا رضایی', 'حسین ابراهیمی']",[],[],[]
نقل و انتقالات اروپا ,2015-2016,,[],[],[],[],"['توبی آلدرویرلد', 'ژائو میراندا', 'ماریو مانژوکیچ']",[],[],[]
نقل و انتقالات اروپا ,2015-2016,آاس رم,"['آلسیو رومانیولی', 'آلن کوین مندز', 'ازکوئل پونسه', 'پیتر گولوبووی', 'توماس ودکایوسکاس', 'داویده آستوری', 'دنی دِ', 'دنی دِ', 'دیان بولدور', 'سیمونه باتالیا', 'فدریکو ریچی', 'فرانچسکو پرویتی گافی', 'گاجی چلی کارمن', 'لئندرو دانیل پاردس', 'ماتیا دسترو', 'مارکو فردیانی', 'مارکو فردیانی', 'میهای آلکساندرو  بالاسا', 'ویلیام وینکوئه اور', 'کارلوس ماریو کاربونرو']",[],"['آنتونیو رودیگر', 'ادین ژکو', 'امرسون پالمیری داس', 'ایاگو فالکو', 'سگوندو ویکتور ایباربو', 'نوربرت جیومبر']",[],"['خوزه هوله باس', 'جیانلوکا کورکی', 'آلسیو رومانیولی', 'آندرا برتولاچی', 'مارکینیو ', 'داویده آستوری', 'نیکولو کورتی', 'ماپو یانگامبیوا', 'فیلیپو ماریا اسکاردینا', 'ماتیا دسترو', 'استفانو گوبرتی', 'سباستین ملادن', 'گاجی چلی کارمن', 'دیان بولدور', 'نیکلاس اسپولی', 'ولادیمیر بریشا']",[],"['لئندرو دانیل پاردس', 'لوکاژ اسکوروپسکی', 'آدام لیائیچ', 'گویدو وادالا', 'فرانسسکو دی ماریانو', 'فرانک انجیکی', 'مارکو فردیانی', 'پیتر گولوبووی', 'میشل سوما', 'آلساندرو کرشنزی', 'متئو ریکی', 'گابریل مارچگانی', 'ماسیمو سامارتینو', 'آرنالدو آنتونیو سانابریا', 'دنی دِ', 'سیدو دومبیا', 'توما وستنیکی', 'سگوندو ویکتور ایباربو', 'استفانو پتیناری', 'یاکوپو فری', 'فدریکو ریچی', 'میهای آلکساندرو  بالاسا']",[]
نقل و انتقالات اروپا ,2015-2016,اتلتیکومادرید,"['امیلیانو اینسوآ', 'امیلیانو ولازکوئز', 'اولیور تورس', 'توبی آلدرویرلد', 'جاناتان اورتیز مورنو', 'عبدالقادر اوسلاتی', 'لئوناردو کاریچو باپتیستائو']",[],[],[],[],[],[],[]
نقل و انتقالات اروپا ,2015-2016,آث میلان,"[' روبینیو', 'آلساندرو ماتری', 'آلساندرو ماتری', 'آلسیو رومانیولی', 'آن بندی', 'آنتونیو نوچرینو', 'آندرا برتولاچی', 'ام بایه  نیانگ', 'ام بایه  نیانگ', 'جرسون ورگارا آمو', 'رودریگو الی', 'لوئیس آدریانو', 'مارکو پیناتو', 'کارلوس باکا', 'کریستین دامینوتا', 'یورای  کوچکا']",['سیمونه وردی'],['ماریو بالوتلی'],[],"['عادل رامی', 'دانیله بونرا', 'ماتیا دسترو', 'ریکاردو ساپورانو', 'کریستین زاکاردو', 'والتر بیرسا', 'داوید ناردوزو', 'فاوور انیکان', 'دیداک ویا', 'سالواتوره بوچتی', 'سولی مونتاری', 'ازکویل هنتی', 'استفانو گوری', 'میشل فابرو', 'مایکل اسین', ' روبینیو', 'کریستان تاماس', 'جان پائولو پاتزینی', 'مارکو پیناتو', 'ماریو پیکینوچی']",['جیانماریو کومی'],"['گابریل پالتا', 'آلساندرو ماتری', 'استفان الشعراوی', 'متئو چینلاو', 'آلساندرو ماستالی', 'جرسون ورگارا آمو', 'میشیله آگاتزی', 'اندره مادیچ', 'جیان مارکو زیگونی', 'آن بندی']",[]
نقل و انتقالات اروپا ,2015-2016,آرسنال,"['پیتر چک', 'جف رین ادلاید', 'جوئل کمپل', 'ریو میاایچی', 'ولاد دراگومیر', 'کارل یانکینسون']",[],[],[],"['رنی اسمیت', 'ریو میاایچی', 'برندون اتویل', 'واسیریکی  ابو دیابی']",[],"['اشلی نیلز', 'ولینگتون آلوز دا', 'گدیون زلالم', 'چوبا  آکپوم', 'کارل یانکینسون', 'دامین مارتینز']",[]
نقل و انتقالات اروپا ,2015-2016,استوک‌سیتی,['ژردان شقیری'],[],[],[],[],[],[],[]
نقل و انتقالات اروپا ,2015-2016,اینتر,"['آندره\u200cآ باندینی', 'ازکویل ماتیاس اسکلوتو', 'ایوان  پریشیچ', 'جاناتان لودوویچ بیابیانی', 'جفری کوندگوبیا', 'جیسون موریلو', 'دیوید سانتون', 'رافائل دی جنارو', 'ریکاردو گابریل آلوارز', 'ژائو میراندا', 'ژردان شقیری', 'سفیر اسلیتی', 'سیمونه پاسا', 'فرانچسکو باردی', 'فرانچسکو فورت', 'فرانچسکو فورت', 'فلیپ هیرواگن']","['ساموئل لونگو', 'فرانچسکو باردی']","['آدام لیائیچ', 'آلکس نیکولا تلس', 'مارتین مونتویا']",[],"['متئو کواچیچ', 'لوکاس پودولسکی', 'ژردان شقیری', 'ریکاردو گابریل آلوارز', 'فلیپ هیرواگن', 'فلیپه گارسیا', 'جوئل اوبی', 'ماتیاس آگوستین سیلوستره', ' هرنانس', 'ریکاردو بوکالون', 'لوکاس اسپندلوفر', 'دراکو کژمانوویچ', 'ابراهیم ام بایه', 'هوگو آرماندو کامپانارو', 'متئو کوواچیچ', 'جیاکومو سیاکا', ' جاناتان', 'دیوید سانتون', 'رنه هرین']",[],"['مارکو آندریلی', 'فرانچسکو باردی', 'وید بلک', 'ریکاردو گاییولا', 'جوزپه مایورانو', 'داویده  کوستا', 'داویده توسو', 'سفیر اسلیتی', 'لورنزو کرایستیگ', 'سیمونه پاسا', 'ژرمی لومباردی', 'نیکولا باونی', 'آندره\u200cآ باندینی', 'آندره پینتون', 'دالیان الکسیس رومنی', 'دیمیتریو استفه', 'لورنزو تاسی', 'رافائل دی جنارو', 'لئوناردو لونگو', 'وینچنزو توماسون', 'الوگ یائو', 'فابیو اگولفی', 'فرانچسکو فورت', 'دنیل بسا']",[]
نقل و انتقالات اروپا ,2015-2016,بارسلونا,"['آلکساندر سانگ بیلانگ', 'ابراهیم آفلای', 'جوئل هورتاس کورنودلا', 'آلکس ویدال']",[],[],[],"['ادگار میگوئل یه', 'دنیس سوارز هرناندز', 'آداما ترائوره دیارا', 'جرارد دلوفئو', 'پدرو رودریگز', 'پاتریسیو گابارون گیل', 'امیر ناتخو', ' ژاوی', 'خاویر فرناندز آبروئندو']",[],"['آلکساندر سانگ بیلانگ', 'مارتین مونتویا', 'لوکاس سانتاکاتالینا', 'آلن هلیلوویچ', 'اودکویر آگوستینو', 'جوئل هورتاس کورنودلا']",[]
نقل و انتقالات اروپا ,2015-2016,بایرلورکوزن,['خاویر هرناندز'],[],[],[],['هیونگ مین سون'],[],[],[]
نقل و انتقالات اروپا ,2015-2016,بایرن مونیخ,"['آرتورو ویدال', 'اسون اولریش', 'پیر امیل', 'توماس ایشروود', 'جاشوا کیمیچ', 'جان کیرشوف', 'داگلاس کاستا', 'دیگو کونتنتو', 'لئو وینکوف', 'کارل لاپه', 'کوربینیان برگر']",[],['کینگزلی کومان'],[],"['میشل ویسر', 'ژردان شقیری', 'په په رینا', 'گریت وگکمپ', 'کلادیو میگل پیزارو', 'ریکو استریدر', 'الکساندر سیقارت', 'لئوپولد زینگرل', 'باستین شواین اشتایگر']",[],['پیر امیل'],[]
نقل و انتقالات اروپا ,2015-2016,پاری سن ژرمن,"['آلفونس آرئولا', 'آنخل دی ماریا', 'آنخل دی ماریا', 'لاوین كورزاوا', 'کوین تراپ']",[],[],[],"['یوهان کابایه', 'سرگی اوریر', 'مایک مایگنان']",['جین لوچت'],"['آلفونس آرئولا', 'گوستاوو  هبلینگ']",[]
نقل و انتقالات اروپا ,2015-2016,تاتنهام,"['آلکس پریچارد', 'توبی آلدرویرلد', 'جوردن آرچر', 'دله آلی', 'ریان فردریکس', 'میلوس ولکوویچ', 'هیونگ مین سون', 'کلینتون نیجه', 'کوین ویمر']",[],[],[],"[' سولدادو', 'آرون لنون', 'یونس کابول', 'اتینه کاپو', 'ریان فردریکس', 'کریستین سبایوس', 'آسو اکوتو', 'جوردن آرچر', 'ولاد چریچس', 'لوئیس هالتبی', 'روبرتو سولدادو', 'الکس مک کوئین', 'گرانت هال']",['آلکس پریچارد'],"['کونور  اوگیلیوی', 'دومینیک بال', 'ناتان اودوا', 'شاکوئیل کولسیرست']",[]
نقل و انتقالات اروپا ,2015-2016,چلسی,"['آریل رومئو', 'آسمیر بگوویچ', 'آسمیر بگوویچ', 'الحاجی پاپی', 'پاتریک بامفورد', 'پدرو رودریگز', 'جون سویفت', 'دانیلو پانتی', 'رابرت  کندی نانس', 'عبدل بابا رحمان', 'لوکاس پایزون', 'والاس اولیویرا دوس', 'ویکتور موزس', 'کریستین آلخاندرو کوئواس', 'کریستین ماریا مانئا', 'کنیث اومرو']",['پاتریک بامفورد'],['رادامل  فالکائو'],[],"['گائل کاکوتا', 'پیتر چک', 'تورگان هازارد', 'فیلیپه لوئیس', 'آمبروسه جیناهوره', 'دیدیه دروگبا']",[],"['مارکو ون گینکل', 'پاتریک بامفورد', 'ناتانیل چالوبا', 'والاس اولیویرا دوس', 'لوکاس پایزون', 'لئوناردو رودریگز', 'ویکتورین آنگبان', 'کریستین ماریا مانئا', 'ویکتور موزس', 'جوناتان ریس', 'دانیلو پانتی', 'دومینیک سولانکه', 'عیسی  بروان', 'لوئیس باکر', 'کنیث اومرو', 'خوان گیلرمو کوادرادو']",[]
نقل و انتقالات اروپا ,2015-2016,دورتموند,"['جولین ویل', 'جوناس هافمن', 'رمان ', 'گونزالو کاسترو', 'ماروین  داچ']",[],"['آلن اوبولت', 'عدنان یانوزای']",[],[],[],[],[]
نقل و انتقالات اروپا ,2015-2016,دینامو مسکو,[],[],[],[],['ماتیو والبوئنا'],[],[],[]
نقل و انتقالات اروپا ,2015-2016,رئال‌مادرید,"[' کاسمیرو', 'دانیلو لوئیز دا', 'دنیس چریشف', 'لوئیس گارسیا پاچکو', 'لوئیس گارسیا پاچکو', 'لوکاس واسکوئز ایگلسیاس', 'متئو کواچیچ', 'دنیلو لوئیز داسیلوا', 'متئو کوواچیچ', 'کیکو کاسیا']",[],['ماتیاس فرناندو رودریگز'],[],"['آسیر ایارامندی', 'سرجیو مولینا بلوقی', 'گیلرمو وارلا اولیورا', 'سامی خدیرا', 'فرناندو پاچئو فلورس', 'ایکر کاسیاس', 'ترائوره یاکاریا', 'مارکوس خاویر لگاز']",[],"['مارکو آسنسویو ویلمسن', 'سرجیو  رگیلون', 'لوکاس سیلوا بورگس', 'فابیو کونترائو', 'رائول ده توماس']",[]
نقل و انتقالات اروپا ,2015-2016,سویا,['فرناندو یورنته'],[],['مارکو آندریلی'],[],[],[],[],[]
نقل و انتقالات اروپا ,2015-2016,لاتزیو,"['آنتونیو لوکه کینترو', 'امیلیانو آلفارو', 'پاتریسیو گابارون گیل', 'جوزف مینالا', 'راول موریسون', 'سرگی ساوی', 'لوکا کرچو', 'وسلی هوئدت', 'وینیچیوس دی فریتاس', 'کریستیانو لومباردی']",['برایان پررا وارگاس'],['آلساندرو ماتری'],[],"['لوریک سانا', 'برونو پریرینا', 'انریکو زامپا', 'کریستین لدسما', ' ادرسون', 'دیه گو نوارتی']",[],"['کریستیانو لومباردی', 'جوسیپ الز', 'لورنزو فلیپینی', 'برایان آندرس پرآ', 'وینیچیوس دی فریتاس', 'توما استراکوشا', 'جیانلوکا پولاس', 'جوزف مینالا', 'آنتونیو روزی', 'لوکا کرچو', 'مامادو تونوکارا']",[]
نقل و انتقالات اروپا ,2015-2016,لیورپول,"['تیاگو ایلوری', 'جوردن ویلیامز', 'جوزف گومز', 'جوزف گومز', 'جیمز میلنر', 'جیمز میلنر', 'دیووک اوریگی', 'رافائل پائز کاردونا', 'روبرتو فیرمینو', 'ژائو کارلوس', 'ناتانیل کلین', 'کریستین بنتکه', 'کوین استوارت']",[],[],[],"['گلن جانسن', 'سباستین کواتس', 'فابیو بورینی', 'رحیم استرلینگ', 'سرگی کانوس', 'مارک آنتونی پلوسی', 'بردلی جونز', 'استیون جرارد']",[],"['ماریو بالوتلی', 'آدام لالانا', 'تیاگو دلفیم', 'جوردن ویلیامز', 'تایوو آونی', 'لوییز آلبرتو', 'سامد یلی', 'ژو ماکوییره', 'اولووازی اوجو', 'رایان کنت', 'هری ویلسون']",[]
نقل و انتقالات اروپا ,2015-2016,لیورنو,[],[],['کریستین بونینو'],[],[],[],[],[]
نقل و انتقالات اروپا ,2015-2016,لیون,"['رافائل داسیلوا', 'رافائل داسیلوا', 'لوکاس توسارت', 'ماپو یانگامبیوا', 'ماتیو والبوئنا', 'کلودیو بیوو']",[],[],[],"['کلینتون نیجه', 'مهدی زفان', 'یوهان گورکف', 'یاسین بنزیا', 'فارس باهلولی', 'محمد لامین یاتارا', 'جرومه فریک']",[],[],[]
نقل و انتقالات اروپا ,2015-2016,مارسی,[],[],[],[],[],[],['ماریو لمینا'],[]
نقل و انتقالات اروپا ,2015-2016,منچسترسیتی,"['آلوارو نگردو', 'آلکس گارسیا', 'اریک سارمینتو مارتینز', 'پاتریک روبرتز', 'جان گویدتی', 'رحیم استرلینگ', 'سینان بیتیکی', 'فابین دلف', 'مارکوس لوپز', 'میکا ریچاردز', 'نیکولاس اوتامندی', 'کریم رکیک', 'کوین دی بروین', 'فابین دلف']",[],[],[],"['اسکات سینکلیر', 'میکا ریچاردز', 'جیمز میلنر', 'ماتیجا ناستاسیک', 'رونی لوپز', 'خوزه آنجل پوزو', 'جوزف نوتال', 'دوانته کول', 'گئورگی لیق', 'آدام دروری', 'جان گویدتی', 'دبریک بویاتا', 'دیوید بروکس', 'کریم رکیک', 'فرانك لمپارد', 'جوردی هیوولا', 'آلوارو نگردو']",[],"['ادین ژکو', 'خوزه آنخل']",[]
نقل و انتقالات اروپا ,2015-2016,منچستریونایتد,"['آنتونی مارسیال', 'آنجلو هنریکز', 'بن پیرسون', 'جسی لینگارد', 'جو راتول', 'سرجیو رومرو', 'سیدی یانکو', 'گیلرمو وارلا اولیورا', 'متئو دارمیان', 'ممفیس دپای', 'باستین شواین اشتایگر']",[],[],[],"['تام کلورلی', 'آندرس لیندگارد', 'جاناتان ایوانس', 'آنخل دی ماریا', 'رافائل داسیلوا', 'خاویر هرناندز', 'اندی کلت', 'آنجلو هنریکز', 'توماس تورپ', 'سیدی یانکو', 'روبین فان\u200cپرسی', 'لوئیس كارلوس نانی']",[],"['عدنان یانوزای', 'بن پیرسون', 'جو راتول', 'ویلیام کین', 'تیلور ناتن بلاکت', 'لیام دیوید گیرمشاو', 'کران اوهارا']",[]
نقل و انتقالات اروپا ,2015-2016,موناکو,"[' فابینیو', 'آلین ترائوره', 'ادگارد نیکایس کنستانت', 'ایوان ریکاردو نوس', 'پاول پاپ', 'دلوین دینگا', 'رونی لوپز', 'فارس باهلولی', 'گابریل بوسچیلا', 'لوکاس اوکامپوس', 'مارسل تیزراند', 'نیکولاس ایسیمات میرین']","['جسی پی', 'جین کورنتین', 'جین کورنتین']","['استفان الشعراوی', 'هلدر کاستا', 'فابیو کونترائو']",[],"['ایمن عبدنور', 'آنتونی مارسیال', 'جفری کوندگوبیا', 'لاوین كورزاوا', 'مونیر اوبادی', 'نیکولاس ایسیمات میرین', ' والاس', 'دیمیتار برباتوف', 'مارتین استکلنبرگ', 'مارک آئورل کایلرد', 'ابوبکر کامارا']",[],"['رادامل  فالکائو', 'عبدو دیالو', 'ادگارد نیکائیسه کونستانت سالی', 'ادگارد نیکایس کنستانت', 'دلوین دینگا']",[]
نقل و انتقالات اروپا ,2015-2016,مونشن گلادباخ,[],[],[],[],['مکس کروزه'],[],[],[]
نقل و انتقالات اروپا ,2015-2016,ناپولی,"['په په رینا', 'ولاد چریچس']",[],[],[],[],[],[],[]
نقل و انتقالات اروپا ,2015-2016,والنسیا,['ایمن عبدنور'],[],[],[],['نیکولاس اوتامندی'],[],[],[]
نقل و انتقالات اروپا ,2015-2016,وولفسبورگ,"['دانیلو دیتریچ', 'روبرت اسچیک', 'ژولین دراکسلر', 'سباستین ویمر', 'فرانسیسکو رودریگز', 'مکس کروزه', 'مکس کروزه', 'نیکولاس ابدات', 'هیلال الهلوه', 'کارلوس آسکوئز آویلا', 'یانیس پلاسچک']",[],[],[],"['کوین دی بروین', 'ایوان  پریشیچ', 'کارل کلاوس', 'دان پاتریک پوگنبرگ', 'آلبیون آویجای', 'ژانگ ژیژه', 'دنیس استرومپن', 'آرون هانت', 'پاسکال بروفسکی', 'بارن تولکه', 'پاتریک دروس']",[],[],[]
نقل و انتقالات اروپا ,2015-2016,ویارئال,['دانیله بونرا'],[],[],[],[],[],[],[]
نقل و انتقالات اروپا ,2015-2016,یوونتوس,"[' نتو', ' هرنانس', 'آلبرتو چری', 'آلکس ساندرو', 'اریک لانینی', 'استفانو بلترام', 'پائولو دیبالا', 'تیموتی نوچی', 'جیان مارکو وانوچی', 'جیمز ترویزی', 'خورخه آندریاس باریوس', 'دانیله روگانی', 'دومنیک براردی', 'روبرتو پریرا', 'سامی خدیرا', 'سیمونه زازا', 'فردریک سورنسن', 'فیلیپو پنا', 'گئورگیو لوپرینی', 'لئوناردو سیتی', 'مائوریسیو ایسلا', 'مارکو دی بندتو', 'ماریو مانژوکیچ', 'مامه بابا  تیام', 'متئو گربادو', 'نیکولو کورتی', 'نیکولو کورتی']",['لوکا مارون'],"['گویدو وادالا', 'گویدو وادالا', 'ماریو لمینا', 'خوان گیلرمو کوادرادو']",[],"['آرتورو ویدال', 'فردریک سورنسن', 'ادواردو سریا', 'یادوم ریچموند بواکیه', 'آلساندرو ماتری', 'مارکو استوراری', 'سیمونه په په', 'کارلوس ته وز', 'جیان مارکو وانوچی', 'جیمز ترویزی', 'آندرس فیلیپه تیو', 'لوکا کاستیگلیا', 'لئوناردو سیتی', 'فرانچسکو آناکورا', 'فرناندو یورنته', 'آندره\u200cآ فاویلی', 'آندره آ پیرلو', 'آنجلو اوبینزه اوگبونا', 'فیلیپو پنا', 'مارکو دی بندتو', 'داوید آراس']",[],"['کینگزلی کومان', 'مارسل بوچل', 'والریو لورنزو روستی', 'سیمونه گانز', 'امبایه دیانه', 'فرانسسکو مارکوییتا', 'کارلو ایلاری', 'لوکا مارون', 'تیموتی نوچی', 'فوستو روسی', 'گئورگیو لوپرینی', 'ماتیا ویتال', 'لئوناردو اسپینازولا', 'وینچنزو فیوریلو', 'الویس کاباشی', 'نیکولو کورتی', 'لورنتیو کنستانتین برانسکو', 'ولاد نیکولا مارین', 'آوسیم بویی', 'گابریل پیرس', 'کریستیان پاسکوئتو', 'کریستین بونینو', 'پائولو دی سه گیل', 'مائوریسیو ایسلا', 'واجبا ساکور', 'یونس مرزوق', 'اریک لانینی', 'استفانو پادوان', 'دیوید کایس', 'لوکا بارلوکو', 'متئو گربادو', 'میشل کاویون', 'آلبرتو چری']",[]
